Track name,Artist name,Album,Playlist name,Type,ISRC,Spotify - id,spotify:track:Spotify - id
Uska Hi Banana,Arijit Singh,1920 Evil Returns,Favorite Songs,Favorite,INS181204311,5TJOAIWHRYW8pRBpnvLUo1,spotify:track:5TJOAIWHRYW8pRBpnvLUo1
Give Me Some Sunshine,Suraj Jagan,3 Idiots,Favorite Songs,Favorite,INS180907144,1Qt0OGUUPibpmk1FpFQ43m,spotify:track:1Qt0OGUUPibpmk1FpFQ43m
Aashiqui Mein Teri,Himesh Reshammiya,36 China Town (Original Motion Picture Soundtrack),Favorite Songs,Favorite,INT100600031,1VGt7ZmY4iPfrabXjIMHo4,spotify:track:1VGt7ZmY4iPfrabXjIMHo4
"He's a Pirate (from ""Pirates of the Caribbean: Curse of the Black Pearl"") - From ""Pirates of the Caribbean: The Curse Of the Black Pearl""/Score",Klaus Badelt,A Musical Tour: Treasures of the Walt Disney Archives at The Reagan Library,Favorite Songs,Favorite,USWD10321341,37g1RYWXZP7qPVWm62ffOz,spotify:track:37g1RYWXZP7qPVWm62ffOz
Wretches and Kings,Linkin Park,A Thousand Suns,Favorite Songs,Favorite,USWB11001853,1k02JjKowLil0ID9IYjwQd,spotify:track:1k02JjKowLil0ID9IYjwQd
Aaja We Mahiya,Imran Khan,Aaja We Mahiya,Favorite Songs,Favorite,GBRCG0900002,75Ak0cit8hV604Wjlq1gf2,spotify:track:75Ak0cit8hV604Wjlq1gf2
Aali Thumkat Naar,Adarsh Shinde,Aali Thumkat Naar - Mumbai Pune Mumbai 3,Favorite Songs,Favorite,INH101801702,1YzIGXwvbFWzoQ4DuXQfrP,spotify:track:1YzIGXwvbFWzoQ4DuXQfrP
Aankhon Mein,Jai Walia,Aankhon Mein Tera Hi Chehra,Favorite Songs,Favorite,INUM70502738,77y2yW2spk3HCkZXjlbhCD,spotify:track:77y2yW2spk3HCkZXjlbhCD
Tera Surroor,Himesh Reshammiya,Aap Kaa Surroor,Favorite Songs,Favorite,INS180500552,3WJQXRiZQNpasi3i4Tp8U1,spotify:track:3WJQXRiZQNpasi3i4Tp8U1
Naam Hai Tera,Himesh Reshammiya,Aap Kaa Surroor,Favorite Songs,Favorite,INS180500553,3IlXq2sHgAGvkBFyxcGiHQ,spotify:track:3IlXq2sHgAGvkBFyxcGiHQ
Lafzon Mein,Abhijeet Sawant,Aapka... Abhijeet Sawant,Favorite Songs,Favorite,INS170500015,7eyTUv9Y7VpAhZJYrDqGQy,spotify:track:7eyTUv9Y7VpAhZJYrDqGQy
Mohabbatein Lutaaunga,Prem & Hardeep,Aapka... Abhijeet Sawant,Favorite Songs,Favorite,INS170500014,0ScRAzkNibjRLPgPjsyMux,spotify:track:0ScRAzkNibjRLPgPjsyMux
Achha Lagta Hai,Shankar-Ehsaan-Loy,Aarakshan (Original Motion Picture Soundtrack),Favorite Songs,Favorite,INS171100116,6VOKUdxhjSwbjinKbguOmy,spotify:track:6VOKUdxhjSwbjinKbguOmy
Aashiq Banaya Aapne,Himesh Reshammiya,Aashiq Banaya Aapne,Favorite Songs,Favorite,INS180500072,61mkuGe4SjLAZ5wg49NWQY,spotify:track:61mkuGe4SjLAZ5wg49NWQY
Dilnashin Dilnashin,KK,Aashiq Banaya Aapne,Favorite Songs,Favorite,INS180500075,6C5CjR1BTqfO5gc0YNcCrP,spotify:track:6C5CjR1BTqfO5gc0YNcCrP
Tum Hi Ho,Mithoon,Aashiqui 2,Favorite Songs,Favorite,INS181303031,56zZ48jdyY2oDXHVnwg5Di,spotify:track:56zZ48jdyY2oDXHVnwg5Di
Milne Hai Mujhse Aayi,Arijit Singh,Aashiqui 2,Favorite Songs,Favorite,INS181303040,2iGnFW7m517taq3AJIE6DK,spotify:track:2iGnFW7m517taq3AJIE6DK
Aasan Nahin Yahan,Arijit Singh,Aashiqui 2,Favorite Songs,Favorite,INS181303038,06zJUeKU5KFy50Cho6pDcr,spotify:track:06zJUeKU5KFy50Cho6pDcr
Sunn Raha Hai (Male Version),Ankit Tiwari,Aashiqui 2,Favorite Songs,Favorite,INS181303032,5PvwPy5eRO8BPwpRzCHK3D,spotify:track:5PvwPy5eRO8BPwpRzCHK3D
Aathma Raama,Brodha V,Aathma Raama,Favorite Songs,Favorite,ATR981133429,6qJrmD6CXKWkWcsYwu9AV3,spotify:track:6qJrmD6CXKWkWcsYwu9AV3
Illuminati,Sushin Shyam,Aavesham (Original Motion Picture Soundtrack),Favorite Songs,Favorite,INT202404391,1a1xLj9W8libnO9PvJf6ao,spotify:track:1a1xLj9W8libnO9PvJf6ao
Armadham,Sushin Shyam,Aavesham (Original Motion Picture Soundtrack),Favorite Songs,Favorite,INT202404456,18afrwnlrByAjhi3Ve0Ehn,spotify:track:18afrwnlrByAjhi3Ve0Ehn
Bezubaan,Sachin-Jigar,ABCD - Any Body Can Dance (Original Motion Picture Soundtrack),Favorite Songs,Favorite,INU151200217,2ota18jyZVMGvwQ0IV8qz7,spotify:track:2ota18jyZVMGvwQ0IV8qz7
Zor Ka Jhatka,Pritam,Action Replayy,Favorite Songs,Favorite,INS181008585,7EIq46YALncEzg0fYvLo0L,spotify:track:7EIq46YALncEzg0fYvLo0L
Luk Chup Jaana,Pritam,Action Replayy,Favorite Songs,Favorite,INS181008591,5I6ZsOYzZOnJwoC0RGDYrd,spotify:track:5I6ZsOYzZOnJwoC0RGDYrd
Malharvari,Shahir Sable,Aga Bai Arechya,Favorite Songs,Favorite,INS100500031,3vYYzoD6E92wbR7Q2Mt4oH,spotify:track:3vYYzoD6E92wbR7Q2Mt4oH
Pungi,Pritam,Agent Vinod,Favorite Songs,Favorite,INS181200520,4St20qfnH98z2CEY7Up5yn,spotify:track:4St20qfnH98z2CEY7Up5yn
I'll Do The Talking Tonight,Pritam,Agent Vinod,Favorite Songs,Favorite,INS181200518,3ctDo5gZFNOiMjqa0XDBif,spotify:track:3ctDo5gZFNOiMjqa0XDBif
Shah Ka Rutba,Ajay-Atul,Agneepath (Original Motion Picture Soundtrack),Favorite Songs,Favorite,INS171101349,1AOtU9EZkyTyuboJWe6y5p,spotify:track:1AOtU9EZkyTyuboJWe6y5p
O Saiyyan,Ajay-Atul,Agneepath (Original Motion Picture Soundtrack),Favorite Songs,Favorite,INS171101347,1sL8hnnZaB2Xzm1J66y4Tt,spotify:track:1sL8hnnZaB2Xzm1J66y4Tt
Deva Shree Ganesha,Ajay-Atul,Agneepath (Original Motion Picture Soundtrack),Favorite Songs,Favorite,INS171101351,6Ozx2ngGtXrqznTKhKBlrT,spotify:track:6Ozx2ngGtXrqznTKhKBlrT
Abhi Mujh Mein Kahin,Ajay-Atul,Agneepath (Original Motion Picture Soundtrack),Favorite Songs,Favorite,INS171101350,73y649QhnXdcm6fRdvfraO,spotify:track:73y649QhnXdcm6fRdvfraO
Agni Kai - Trap Remix,Musicality,Agni Kai (Trap Remix),Favorite Songs,Favorite,QZHN31920802,6yA6euQ2irD4oakfzZncqF,spotify:track:6yA6euQ2irD4oakfzZncqF
Aika Dajiba,Vaishali Samant,Aika Dajiba,Favorite Songs,Favorite,INS100200246,4UBC20ayn5J864fPoLp7GS,spotify:track:4UBC20ayn5J864fPoLp7GS
Tera Hone Laga Hoon,Atif Aslam,Ajab Prem Ki Ghazab Kahani (Original Motion Picture Soundtrack),Favorite Songs,Favorite,INT100900021,0dLbrlAVPPjpPqnYfmJsWk,spotify:track:0dLbrlAVPPjpPqnYfmJsWk
Bheegi Bheegi Raaton Mein,Lata Mangeshkar,Ajanabee,Favorite Songs,Favorite,INH100361480,4YZJr7NL2fmZkPI3CXeNhV,spotify:track:4YZJr7NL2fmZkPI3CXeNhV
Jhalak Dikhla Ja,Himesh Reshammiya,Aksar,Favorite Songs,Favorite,INS180500429,43SKg10CCeaoyr7XSKfpTR,spotify:track:43SKg10CCeaoyr7XSKfpTR
Yaar Bathere,Alfaaz,Alfaaz,Favorite Songs,Favorite,INM431101128,0EB5bg115o2vtA3FkVKooW,spotify:track:0EB5bg115o2vtA3FkVKooW
Hai Mera Dil,Alfaaz,Alfaaz,Favorite Songs,Favorite,INM431101127,7rnqq7955ubY95MRPiRpue,spotify:track:7rnqq7955ubY95MRPiRpue
Dum Dee Dum - JiKay Remix,Keys N Krates,"All Trap Music, Vol. 4",Favorite Songs,Favorite,GB2LD0902075,2zUwVdcaXijMUqLsp9BycM,spotify:track:2zUwVdcaXijMUqLsp9BycM
Allahu Trapbar,Żwirek,Allahu Trapbar,Favorite Songs,Favorite,QZ4JJ1791192,4NN5xMoyYbcRsc7ZS8THcK,spotify:track:4NN5xMoyYbcRsc7ZS8THcK
Katra Katra,Ankit Tiwari,Alone,Favorite Songs,Favorite,INS181427550,0FMend2Dt9IUVDDtAPnLxO,spotify:track:0FMend2Dt9IUVDDtAPnLxO
Aloo Chaat (Title Track),RDB,Aloo Chaat,Favorite Songs,Favorite,INS180901447,2VKmGMytOeT0F3P5gwNWyi,spotify:track:2VKmGMytOeT0F3P5gwNWyi
Amatz,Shanti Dope,Amatz,Favorite Songs,Favorite,PHU011915793,40GAZFtrDoJHxJytqfmvaq,spotify:track:40GAZFtrDoJHxJytqfmvaq
Amplifier,Imran Khan,Amplifier,Favorite Songs,Favorite,GBRCG0900001,0l1i3nJ4aDMk0inxnvzYTz,spotify:track:0l1i3nJ4aDMk0inxnvzYTz
Tujhe Bhula Diya,Vishal-Shekhar,Anjaana Anjaani,Favorite Songs,Favorite,INS181007761,4r8JqkhpTb5tzSKKHnVJIJ,spotify:track:4r8JqkhpTb5tzSKKHnVJIJ
I Feel Good,Vishal-Shekhar,Anjaana Anjaani,Favorite Songs,Favorite,INS181007762,09sq0BHe85uV2ADUx1gaiA,spotify:track:09sq0BHe85uV2ADUx1gaiA
Aas Paas Khuda,Vishal-Shekhar,Anjaana Anjaani,Favorite Songs,Favorite,INS181007759,3kuxr8U3QynLzyW82p5hYR,spotify:track:3kuxr8U3QynLzyW82p5hYR
Maula Mere Maula,Roop Kumar Rathod,Anwar,Favorite Songs,Favorite,INH100629786,4CGBTtlrjZj7ydpV52cgB4,spotify:track:4CGBTtlrjZj7ydpV52cgB4
Dil Mein Baji Guitar,Mika Singh,Apna Sapna Money Money (Original Motion Picture Soundtrack),Favorite Songs,Favorite,INT100600077,67VHAZo2eUry9rcCeTGlhs,spotify:track:67VHAZo2eUry9rcCeTGlhs
Raat Ka Nasha,Anu Malik,Asoka (Original Motion Picture Soundtrack),Favorite Songs,Favorite,INS170100009,6c3Q6tMBsqucdb1TpPybGv,spotify:track:6c3Q6tMBsqucdb1TpPybGv
Mohbhang,Parul Mishra,Aspirants: Season 1 (Music From the TVF Original Series),Favorite Songs,Favorite,INC442100017,6xIWpjKa6qTPnNCu5VRFRE,spotify:track:6xIWpjKa6qTPnNCu5VRFRE
"Gulabi Ankhen - From ""The Train""",Mohammed Rafi,Audiobiography,Favorite Songs,Favorite,INP100300038,4ujalVER2NLazVozUVllxw,spotify:track:4ujalVER2NLazVozUVllxw
Toh Phir Aao,Mustafa Zahid,Awarapan,Favorite Songs,Favorite,INH100702460,3i8MmnLZlkkxv8jexworxD,spotify:track:3i8MmnLZlkkxv8jexworxD
Mahiya - Remix,Annie,Awarapan,Favorite Songs,Favorite,INH100702462,4JMQq9tuKqOhANLxWSyd76,spotify:track:4JMQq9tuKqOhANLxWSyd76
Aye Hip Hopper! (feat. Sunidhi Chauhan) (Original Hindi),Ishq Bector,Aye! Hip Hopper Collection,Favorite Songs,Favorite,caaj50800001,0CMzZ5S5yXMqhNAvh6JnGJ,spotify:track:0CMzZ5S5yXMqhNAvh6JnGJ
Mere Rashke Qamar,Nusrat Fateh Ali Khan,Baadshaho,Favorite Songs,Favorite,INS181701288,4sNiMTu47WkUgW87qeUlWF,spotify:track:4sNiMTu47WkUgW87qeUlWF
Mere Naseeb Mein,Prem & Hardeep,Baby H Mere Naseeb .....Remix,Favorite Songs,Favorite,INS170300055,5HpQ2SuB4EWkEvUhNYh75t,spotify:track:5HpQ2SuB4EWkEvUhNYh75t
Aahista Aahista,Vishal-Shekhar,Bachna Ae Haseeno,Favorite Songs,Favorite,INY090800028,6yrIAJ4yMPzq8Vsu1d3CXg,spotify:track:6yrIAJ4yMPzq8Vsu1d3CXg
Khuda Jaane,Vishal-Shekhar,Bachna Ae Haseeno,Favorite Songs,Favorite,INY090800026,0gPgdRfB4jdGrlyXS0Vx78,spotify:track:0gPgdRfB4jdGrlyXS0Vx78
Zaroori Tha,Rahat Fateh Ali Khan,Back 2 Love,Favorite Songs,Favorite,INUM71400256,0JChw6k59cZxegh0SGceE1,spotify:track:0JChw6k59cZxegh0SGceE1
Backbone,Harrdy Sandhu,Backbone,Favorite Songs,Favorite,INS171603162,4t77OsiudWy4timV32lPa2,spotify:track:4t77OsiudWy4timV32lPa2
BaDinga,TWRK,BaDinga,Favorite Songs,Favorite,USYBL1402063,4KKLTVEcvfc4zKOq7Zixcg,spotify:track:4KKLTVEcvfc4zKOq7Zixcg
"Jeena Jeena (From ""Badlapur"")",Atif Aslam,Badlapur (Original Motion Picture Soundtrack),Favorite Songs,Favorite,GBSGZ1500292,05nBv34NJeyLWEoezng4n5,spotify:track:05nBv34NJeyLWEoezng4n5
"Jee Karda (From ""Badlapur)",Divya Kumar,Badlapur (Original Motion Picture Soundtrack),Favorite Songs,Favorite,GBSGZ1400274,0soN1GwE6Zf2Z78lrXb3rv,spotify:track:0soN1GwE6Zf2Z78lrXb3rv
"Judaai (From ""Badlapur)",Rekha Bhardwaj,Badlapur (Original Motion Picture Soundtrack),Favorite Songs,Favorite,GBSGZ1500294,5K5kYg6D3rOks7NyLpziTU,spotify:track:5K5kYg6D3rOks7NyLpziTU
Judaai,Sachin-Jigar,Badlapur (Original Motion Picture Soundtrack),Favorite Songs,Favorite,GBSGZ1500294,2MsGTWvf7dcjKbI0WTq6Pz,spotify:track:2MsGTWvf7dcjKbI0WTq6Pz
Chaska,Pritam,Badmaash Company,Favorite Songs,Favorite,INY091000003,4NXCb9SiScRgMqlUnPwdKE,spotify:track:4NXCb9SiScRgMqlUnPwdKE
Humsafar,Akhil Sachdeva,Badrinath Ki Dulhania,Favorite Songs,Favorite,INS181700239,6TFESXMfJJWwccviaxGAMa,spotify:track:6TFESXMfJJWwccviaxGAMa
Bhar Do Jholi Meri,Pritam,Bajrangi Bhaijaan,Favorite Songs,Favorite,INS181500990,52qnHAlqWpo3kgEteAPjRf,spotify:track:52qnHAlqWpo3kgEteAPjRf
Labb Par Aaye,Shankar-Ehsaan-Loy,Bandish Bandits (Original Series Soundtrack),Favorite Songs,Favorite,INS172002551,1H31HxfIHETvrQ02nWpsLO,spotify:track:1H31HxfIHETvrQ02nWpsLO
Garaj Garaj,Shankar-Ehsaan-Loy,Bandish Bandits (Original Series Soundtrack),Favorite Songs,Favorite,INS172002556,3StBtW3cANtA6ZGwIzT8z2,spotify:track:3StBtW3cANtA6ZGwIzT8z2
Sajan Bin,Shankar-Ehsaan-Loy,Bandish Bandits (Original Series Soundtrack),Favorite Songs,Favorite,INS172002548,1lUskB61Guv9LkWSV9ycWe,spotify:track:1lUskB61Guv9LkWSV9ycWe
Chedkhaniyaan,Shankar-Ehsaan-Loy,Bandish Bandits (Original Series Soundtrack),Favorite Songs,Favorite,INS172002549,30PPEJ1pEhtVnrgVNK5MEw,spotify:track:30PPEJ1pEhtVnrgVNK5MEw
Rasputin - Club Mix,Boney M.,Barbra Streisand - Boney M. goes Club,Favorite Songs,Favorite,DED161000021,1zVMJGPMWKmD4cjTTyf68y,spotify:track:1zVMJGPMWKmD4cjTTyf68y
Janabe Ali - Remix,Shaan,Bardaasht,Favorite Songs,Favorite,INH100628197,6GYlgEq3ol8Emz0uzapb7L,spotify:track:6GYlgEq3ol8Emz0uzapb7L
Kyon,Pritam,Barfi! (Original Motion Picture Soundtrack),Favorite Songs,Favorite,INU151200113,1sYC1fG7s4p0pTykrJqmgW,spotify:track:1sYC1fG7s4p0pTykrJqmgW
Ala Barfi,Pritam,Barfi! (Original Motion Picture Soundtrack),Favorite Songs,Favorite,INU151200075,6yipH0hUeAf4YPK40k1oIY,spotify:track:6yipH0hUeAf4YPK40k1oIY
Aashiyan,Pritam,Barfi! (Original Motion Picture Soundtrack),Favorite Songs,Favorite,INU151200111,7ttlemwytO21npSmLKqTBg,spotify:track:7ttlemwytO21npSmLKqTBg
Tere Bin,Atif Aslam,Bas Ek Pal (Original Motion Picture Soundtrack),Favorite Songs,Favorite,INT100600043,3DpedytYku64Hjf51064vO,spotify:track:3DpedytYku64Hjf51064vO
Laung Gawacha,Nucleya,Bass Rani,Favorite Songs,Favorite,FR2X41604890,11j7AtNPZNq6BUQhAYrWvC,spotify:track:11j7AtNPZNq6BUQhAYrWvC
Galavar Khali,Swapnil Bandodkar,Bedhund,Favorite Songs,Favorite,INS100300017,3ezowHcA3B06rcrbdd0GYb,spotify:track:3ezowHcA3B06rcrbdd0GYb
Galavar Khali,Swapnil Bandodkar,Bedhund,Favorite Songs,Favorite,INS100300017,2VhBp6Q0YPBFlDR1CuMWNp,spotify:track:2VhBp6Q0YPBFlDR1CuMWNp
Nashe Si Chadh Gayi,Vishal-Shekhar,Befikre,Favorite Songs,Favorite,INY091600067,0biCSADTAblvLTLtJz4pXO,spotify:track:0biCSADTAblvLTLtJz4pXO
"Duaa (From ""Shanghai"")",Nandini Srikar,Best Of Arijit Singh - Revisited,Favorite Songs,Favorite,INS181201310,6U7K35NrdOzxUbh4nuuz7U,spotify:track:6U7K35NrdOzxUbh4nuuz7U
"Banjaara (From ""Ek Villain"")",Mohammed Irfan,Best Of Shraddha Kapoor,Favorite Songs,Favorite,INS181401028,2S6N9pbnkhQRyAx80HmF79,spotify:track:2S6N9pbnkhQRyAx80HmF79
Cham Cham Karta,Vaishali Samant,Best of Vaishali Samant,Favorite Songs,Favorite,INS100500033,4mC1aFCcqAgq6Nclzdg1fF,spotify:track:4mC1aFCcqAgq6Nclzdg1fF
Cham Cham Karta,Vaishali Samant,Best of Vaishali Samant,Favorite Songs,Favorite,INS100500033,2r6yuArcbVjLwVgwui6OVv,spotify:track:2r6yuArcbVjLwVgwui6OVv
Bewafa,Imran Khan,Bewafa,Favorite Songs,Favorite,GBRCG0900013,4FcknXDJ8yW2QYUl0cm6uJ,spotify:track:4FcknXDJ8yW2QYUl0cm6uJ
Maston Ka Jhund,Shankar-Ehsaan-Loy,Bhaag Milkha Bhaag (Original Motion Picture Soundtrack),Favorite Songs,Favorite,INS171300368,3lSa2IIHfPmusFdvxFh9yE,spotify:track:3lSa2IIHfPmusFdvxFh9yE
O Rangrez,Shankar-Ehsaan-Loy,Bhaag Milkha Bhaag (Original Motion Picture Soundtrack),Favorite Songs,Favorite,INS171300371,5JCDVLwteSXuwVqjCa7SwH,spotify:track:5JCDVLwteSXuwVqjCa7SwH
Bhool Bhulaiyaa,Pritam,Bhool Bhulaiyaa,Favorite Songs,Favorite,INS180705570,6CCV7FeYgEQ7Ekbes6B36Q,spotify:track:6CCV7FeYgEQ7Ekbes6B36Q
Labon Ko,Pritam,Bhool Bhulaiyaa,Favorite Songs,Favorite,INS180705571,5WncH5iZ5GFlnXm7jKEXVP,spotify:track:5WncH5iZ5GFlnXm7jKEXVP
Big Dawgs,Hanumankind,Big Dawgs,Favorite Songs,Favorite,INUM72400563,0OA00aPt3BV10qeMIs3meW,spotify:track:0OA00aPt3BV10qeMIs3meW
Love Mera Hit Hit,Pritam,Billu,Favorite Songs,Favorite,INS180810381,2VgbvKdaSOXWByBKYgBsEc,spotify:track:2VgbvKdaSOXWByBKYgBsEc
Marjaani,Pritam,Billu,Favorite Songs,Favorite,INS180810380,2nNaw1QUcqiEX6pBFxcpp3,spotify:track:2nNaw1QUcqiEX6pBFxcpp3
Jaoon Kahan,Pritam,Billu,Favorite Songs,Favorite,INS180810384,1s5ofpTfOf3N9KdIYDe6Qd,spotify:track:1s5ofpTfOf3N9KdIYDe6Qd
Khudaya Khair,Pritam,Billu,Favorite Songs,Favorite,INS180810386,2XYyriLyJSuGj4FN7QoNmM,spotify:track:2XYyriLyJSuGj4FN7QoNmM
Bing Bing Boo!,Yashraj Mukhate,Bing Bing Boo!,Favorite Songs,Favorite,FRX282138310,3efEocziYjASsr8RojWERn,spotify:track:3efEocziYjASsr8RojWERn
Chaahat,Jeet Gannguli,Blood Money (Original Motion Picture Soundtrack),Favorite Songs,Favorite,INS171200120,6cLdrOr82mTQdwaqT9fkou,spotify:track:6cLdrOr82mTQdwaqT9fkou
Blue Eyes,Yo Yo Honey Singh,Blue Eyes,Favorite Songs,Favorite,INS181306486,7wW9scVNLYFLsmBb1yAUmS,spotify:track:7wW9scVNLYFLsmBb1yAUmS
Bure Bure and Boro Boro,Robert Uhlmarash,Bluff Master,Favorite Songs,Favorite,INH100511012,0mtqO3R0H6iKpPeqWlrNYD,spotify:track:0mtqO3R0H6iKpPeqWlrNYD
Right Here Right Now,Abhishek Bachchan,Bluff Master (Original Motion Picture Soundtrack),Favorite Songs,Favorite,INH100511009,4pVnxSz312uhq2hM3b8CAO,spotify:track:4pVnxSz312uhq2hM3b8CAO
Bom Diggy Diggy,Zack Knight,"Bom Diggy Diggy (From ""Sonu Ke Titu Ki Sweety"")",Favorite Songs,Favorite,INS181800259,6qCNaRRr5xJALfNJvh0NAw,spotify:track:6qCNaRRr5xJALfNJvh0NAw
"Tu Hi Re - From ""Bombay""",Hariharan,Bombay (Original Motion Picture Soundtrack),Favorite Songs,Favorite,INUM70500526,6nwRC0UkS1MdOOMjcJsrbX,spotify:track:6nwRC0UkS1MdOOMjcJsrbX
Haye Mera Dil,Alfaaz,Boy Next Door,Favorite Songs,Favorite,GBEBS1200091,2LWyWbBMdfnIIS0B64ML1S,spotify:track:2LWyWbBMdfnIIS0B64ML1S
Tera Nasha,The Bilz & Kashif,Breaking Barriers,Favorite Songs,Favorite,TCACF1534824,2xuIJCSAVVWS71343RmDYF,spotify:track:2xuIJCSAVVWS71343RmDYF
Koyi Jo Mila Toh Mujeh Aisa Lagata Tha,Shankar Mahadevan,Breathless,Favorite Songs,Favorite,INH109817270,3Uy8cbGXOrZRCR6YGdPBrr,spotify:track:3Uy8cbGXOrZRCR6YGdPBrr
Bruk It Down (feat. TxTHEWAY),KSHMR,Bruk It Down (feat. TxTHEWAY),Favorite Songs,Favorite,NLZ542000523,04J03yanQCmSuigan5Y0cM,spotify:track:04J03yanQCmSuigan5Y0cM
Kajra Re,Shankar-Ehsaan-Loy,Bunty Aur Babli,Favorite Songs,Favorite,INY090500039,72HdutlIHBZJ7WT1xVAAZT,spotify:track:72HdutlIHBZJ7WT1xVAAZT
Chup Chup Ke,Shankar-Ehsaan-Loy,Bunty Aur Babli,Favorite Songs,Favorite,INY090500035,2C6l8EGcbfcLXu0mWfAadB,spotify:track:2C6l8EGcbfcLXu0mWfAadB
Dhadak Dhadak,Shankar-Ehsaan-Loy,Bunty Aur Babli,Favorite Songs,Favorite,INY090500034,6kOuIhlzgPlqlrWPudpSHL,spotify:track:6kOuIhlzgPlqlrWPudpSHL
Car Nachdi,Gippy Grewal,Car Nachdi,Favorite Songs,Favorite,INS181701047,6h9at5ybRSXJarocy5q9et,spotify:track:6h9at5ybRSXJarocy5q9et
Magenta Riddim,DJ Snake,Carte Blanche,Favorite Songs,Favorite,USUG11800073,3dsyqPDiWYYilRZNBxgxHE,spotify:track:3dsyqPDiWYYilRZNBxgxHE
Angreji Beat,Yo Yo Honey Singh,Chaar Ikke,Favorite Songs,Favorite,INM431101194,377GChk68wFN4vwL5xUTEy,spotify:track:377GChk68wFN4vwL5xUTEy
Ghum Shuda,Sonu Nigam,Chalte Chalte,Favorite Songs,Favorite,INS180351116,2VNjrIKUVCIKsYOq1E2Sv0,spotify:track:2VNjrIKUVCIKsYOq1E2Sv0
Chandra,Ajay-Atul,Chandramukhi,Favorite Songs,Favorite,INE152200007,79J1iJHBkb0N3SZW5Niq3D,spotify:track:79J1iJHBkb0N3SZW5Niq3D
Channa Vey,Kunal Ganjawala,Channa Vey,Favorite Songs,Favorite,INUM70503538,3At4t5vZ0lDuNWLBPEk6Ck,spotify:track:3At4t5vZ0lDuNWLBPEk6Ck
Muskurane - Romantic,Jeet Gannguli,Citylights (Original Motion Picture Soundtrack),Favorite Songs,Favorite,INS171400522,6fW78cd0p3ZDUzoqvx2Xqe,spotify:track:6fW78cd0p3ZDUzoqvx2Xqe
"Tum Hi Ho Bandhu (From ""Cocktail"")",Neeraj Shridhar,Cocktail,Favorite Songs,Favorite,GBSGZ1200008,4pE05HNzmVFGpCOfNKE3w6,spotify:track:4pE05HNzmVFGpCOfNKE3w6
"Mein Sharabi (From ""Cocktail"")",Imran Aziz,Cocktail,Favorite Songs,Favorite,GBSGZ1200027,55aetJzZY4uHModJdaMf5i,spotify:track:55aetJzZY4uHModJdaMf5i
Coka,Sukh-E Muzical Doctorz,Coka,Favorite Songs,Favorite,INSD11900001,4ZoPO0uIf19KKO7B0HEnmP,spotify:track:4ZoPO0uIf19KKO7B0HEnmP
Khallas,Asha Bhosle,Company,Favorite Songs,Favorite,INS180241142,3db5d0Qw7OGCOzio7MJxbl,spotify:track:3db5d0Qw7OGCOzio7MJxbl
"Rum Whisky (From ""Vicky Donor"")",Akshay Verma,Coz I'm Happy,Favorite Songs,Favorite,GBSGZ1100025,5fKq1y37kzXZPGNtZCbUtF,spotify:track:5fKq1y37kzXZPGNtZCbUtF
Mere Bina,Pritam,Crook (Original Motion Picture Soundtrack),Favorite Songs,Favorite,INS171000264,4rSmmC6OYmjVOYxr8ruVWN,spotify:track:4rSmmC6OYmjVOYxr8ruVWN
Teri Umeed Tera Intezar,Kumar Sanu,Deewana (Original Motion Picture Soundtrack),Favorite Songs,Favorite,INV119200169,3jCXRAEQq0J4ai2JOmypRq,spotify:track:3jCXRAEQq0J4ai2JOmypRq
Switty Tera Pyaar Chaida,Ram Sampath,Delhi Belly (Original Motion Picture Soundtrack),Favorite Songs,Favorite,INS172002196,0jWrfBcKMBQjJnDbpM6GMu,spotify:track:0jWrfBcKMBQjJnDbpM6GMu
Dilli - 6,Blaaze,Delhi-6,Favorite Songs,Favorite,INS180900092,7pJlOw7kYWSP2Ai4uPYYZT,spotify:track:7pJlOw7kYWSP2Ai4uPYYZT
Arziyan,Javed Ali,Delhi-6,Favorite Songs,Favorite,INS180900090,3V80Iv04B9XAqGHbXdtRT1,spotify:track:3V80Iv04B9XAqGHbXdtRT1
Akaza Theme,Samuel Kim,Demon Slayer: Epic Collection,Favorite Songs,Favorite,QZHN72157061,6wSi72fq4dUFE52YSow7cF,spotify:track:6wSi72fq4dUFE52YSow7cF
Dan Dan Cheeni Shoot Mix,Paroma,Department,Favorite Songs,Favorite,INS181201229,5Fp3AsPsh1MPtpRZDu64ky,spotify:track:5Fp3AsPsh1MPtpRZDu64ky
One Thousand Miles,Yo Yo Honey Singh,Desi Kalakaar,Favorite Songs,Favorite,INS181402057,7FQTRGEYNU9vyR03xVHDrd,spotify:track:7FQTRGEYNU9vyR03xVHDrd
Love Dose,Yo Yo Honey Singh,Desi Kalakaar,Favorite Songs,Favorite,INS181402053,1QZRCi2Z1DQQaR6bGAzhtN,spotify:track:1QZRCi2Z1DQQaR6bGAzhtN
Desi Kalakaar,Yo Yo Honey Singh,Desi Kalakaar,Favorite Songs,Favorite,INS181402052,7m4CgL81VVIHaaiSxyH922,spotify:track:7m4CgL81VVIHaaiSxyH922
Dil Ne Yeh Kaha Hain Dil Se,Udit Narayan,Dhadkan (Original Motion Picture Soundtrack),Favorite Songs,Favorite,INV110000484,1Q9ME2mhsXqwtMszjrSl39,spotify:track:1Q9ME2mhsXqwtMszjrSl39
Laaree Chootee,Call,Dhoom,Favorite Songs,Favorite,FRX201831581,5N0bIQTnSVrDCSlKydMt3E,spotify:track:5N0bIQTnSVrDCSlKydMt3E
Die With A Smile,Lady Gaga,Die With A Smile,Favorite Songs,Favorite,USUM72409273,2plbrEY59IikOBgBGLjaoe,spotify:track:2plbrEY59IikOBgBGLjaoe
Jaane Kyon Log Pyar,Udit Narayan,Dil Chahta Hai,Favorite Songs,Favorite,INS180131112,2NouPVwXUlBF0wDm5bpAbp,spotify:track:2NouPVwXUlBF0wDm5bpAbp
Koi Kahe Kehta Rahe,Shankar Mahadevan,Dil Chahta Hai,Favorite Songs,Favorite,INS180131115,5zKRKQwLVBT1WDJE7XJrnm,spotify:track:5zKRKQwLVBT1WDJE7XJrnm
Tanhayee,Sonu Nigam,Dil Chahta Hai,Favorite Songs,Favorite,INS180131117,5HXJV5FjXdfUk3UFBTg8Fe,spotify:track:5HXJV5FjXdfUk3UFBTg8Fe
Gallan Goodiyaan,Yashita Sharma,Dil Dhadakne Do,Favorite Songs,Favorite,INS181500717,7hNYvX0qAKrxtVr1jGDmvR,spotify:track:7hNYvX0qAKrxtVr1jGDmvR
Afsana,Himesh Reshammiya,Dil Diya Hai,Favorite Songs,Favorite,INS180601840,0UIR5fa8YSbW11WUpmPQdd,spotify:track:0UIR5fa8YSbW11WUpmPQdd
"Dil Ko Karaar Aaya (From ""Sukoon"")",Rajat Nagpal,"Dil Ko Karaar Aaya (From ""Sukoon"")",Favorite Songs,Favorite,FRX282015435,5urYiIXu1ZhfMAOsp7WDTc,spotify:track:5urYiIXu1ZhfMAOsp7WDTc
Dil Se Re,A.R. Rahman,Dil Se (Original Motion Picture Soundtrack),Favorite Songs,Favorite,INV119800031,30yySOIXHZYx94sLAySy2j,spotify:track:30yySOIXHZYx94sLAySy2j
Chaiyya Chaiyya,Sukhwinder Singh,Dil Se (Original Motion Picture Soundtrack),Favorite Songs,Favorite,INV119800029,5H4rKylLnO8KrmdXTRhj5s,spotify:track:5H4rKylLnO8KrmdXTRhj5s
Ae Ajnabi,Udit Narayan,Dil Se (Original Motion Picture Soundtrack),Favorite Songs,Favorite,INV119800032,1usJKPPaZ3J5XZFai2x98X,spotify:track:1usJKPPaZ3J5XZFai2x98X
Jiya Jale,Lata Mangeshkar,Dil Se (Original Motion Picture Soundtrack),Favorite Songs,Favorite,INV119800030,16W3Eqvgh4Sl84RoHZYnNV,spotify:track:16W3Eqvgh4Sl84RoHZYnNV
Abhi Kuch Dino Se,Pritam,Dil Toh Baccha Hai Ji,Favorite Songs,Favorite,INS181009718,1QufGJee7k9v4Cfp2NxXbv,spotify:track:1QufGJee7k9v4Cfp2NxXbv
Birthday Bash,Yo Yo Honey Singh,Dilliwaali Zaalim Girlfriend,Favorite Songs,Favorite,INS181500321,2FZiKJgWcqwLJ2GYnYuUri,spotify:track:2FZiKJgWcqwLJ2GYnYuUri
Tum Kya Jaano Moohbat Kya Hai - Hum Kisise Kum Naheen - Recreated,R. D. Burman,DJ Aqeel Forever,Favorite Songs,Favorite,INH101002649,5B1FshQZTpVF5R6Wiek41D,spotify:track:5B1FshQZTpVF5R6Wiek41D
Dollar,GKhan,Dollar,Favorite Songs,Favorite,FRX201971802,2cypRBNB67aD1FjuGtooHe,spotify:track:2cypRBNB67aD1FjuGtooHe
"Dollar - From ""Dakuaan Da Munda""",Sidhu Moose Wala,"Dollar (From ""Dakuaan Da Munda"")",Favorite Songs,Favorite,FR59R1872973,7rXDc2ImBGwcypUFbNqbFB,spotify:track:7rXDc2ImBGwcypUFbNqbFB
Babuji Zara Dheere Chalo,Sandeep Chowta,Dum (Original Motion Picture Soundtrack),Favorite Songs,Favorite,INS170200088,6tBw0YriaKSzUr5M8xXH2H,spotify:track:6tBw0YriaKSzUr5M8xXH2H
Moh Moh Ke Dhaage (Female),Anu Malik,Dum Laga Ke Haisha,Favorite Songs,Favorite,INY091500022,7uubRr0u9Zxc1Y84hEn7Xf,spotify:track:7uubRr0u9Zxc1Y84hEn7Xf
Moh Moh Ke Dhaage (Male),Anu Malik,Dum Laga Ke Haisha,Favorite Songs,Favorite,INY091500017,189DQylImZ1hGZaIpAQUzx,spotify:track:189DQylImZ1hGZaIpAQUzx
Jiyein Kyun,Pritam,Dum Maaro Dum,Favorite Songs,Favorite,INS181100868,0up9rhm9qt2LW7cnoDFCMk,spotify:track:0up9rhm9qt2LW7cnoDFCMk
Deedar De (Nikhil Mix),Vishal-Shekhar,Dus,Favorite Songs,Favorite,INS180573886,19uybTRF0AmvCe1VpnbIv6,spotify:track:19uybTRF0AmvCe1VpnbIv6
Khuda Bhi,Tony Kakkar,Ek Paheli Leela,Favorite Songs,Favorite,INS181500353,0ZDIbqhCCa0i3j5WDZioEP,spotify:track:0ZDIbqhCCa0i3j5WDZioEP
Saiyaara,Sohail Sen,Ek Tha Tiger,Favorite Songs,Favorite,INY091200027,1ocYa8PoVd5e2vPn0xHJcA,spotify:track:1ocYa8PoVd5e2vPn0xHJcA
Hosanna,A.R. Rahman,Ekk Deewana Tha (Original Motion Picture Soundtrack),Favorite Songs,Favorite,INS171101398,5NChQ2tXB9q9D8kdkLTWOL,spotify:track:5NChQ2tXB9q9D8kdkLTWOL
Char Baj Gaye - Party Abhi Baaki Hai,Sachin-Jigar,F.A.L.T.U (Original Motion Picture Soundtrack),Favorite Songs,Favorite,INS171100088,1eFH9kh7L63Zb8FDqjbwZJ,spotify:track:1eFH9kh7L63Zb8FDqjbwZJ
Mere Haath Mein,Jatin-Lalit,Fanaa,Favorite Songs,Favorite,INY090600010,6oUK2k9OJ0WvmVveyauFB7,spotify:track:6oUK2k9OJ0WvmVveyauFB7
Chand Sifarish,Jatin-Lalit,Fanaa,Favorite Songs,Favorite,INY090600009,5EYZZvmNAH5VZCwuzYJqoA,spotify:track:5EYZZvmNAH5VZCwuzYJqoA
Dekho Na,Jatin-Lalit,Fanaa,Favorite Songs,Favorite,INY090600012,5q0pLxhyHvZXnYxaygt2Az,spotify:track:5q0pLxhyHvZXnYxaygt2Az
Aaja Ve Mahi,Alka Yagnik,Fida (Original Motion Picture Soundtrack),Favorite Songs,Favorite,INT100400024,2rK4v7coGGbTQG3fHAuMmO,spotify:track:2rK4v7coGGbTQG3fHAuMmO
Troublemaker,Akon,Freedom,Favorite Songs,Favorite,USUM70845756,0O3vchDpKl6jbS8hvnd2fD,spotify:track:0O3vchDpKl6jbS8hvnd2fD
We Don't Care,Akon,Freedom,Favorite Songs,Favorite,USUM70845929,312gxVSmGfnxVOt1E8xT00,spotify:track:312gxVSmGfnxVOt1E8xT00
Sunny Day,Akon,Freedom,Favorite Songs,Favorite,USUM70845943,4UZpKUCSNmOr6r6Nd4SSwR,spotify:track:4UZpKUCSNmOr6r6Nd4SSwR
Right Now (Na Na Na),Akon,Freedom,Favorite Songs,Favorite,USUM70837868,2VqAEP1yY5T523K7bZtL8a,spotify:track:2VqAEP1yY5T523K7bZtL8a
Keep You Much Longer,Akon,Freedom,Favorite Songs,Favorite,USUM70845928,2vmGdxSGSkWTZJmtDLPvGC,spotify:track:2vmGdxSGSkWTZJmtDLPvGC
Freedom,Akon,Freedom,Favorite Songs,Favorite,USUM70845946,1XINt0SqqXgpC1G8t6efg3,spotify:track:1XINt0SqqXgpC1G8t6efg3
Clap Again,Akon,Freedom,Favorite Songs,Favorite,USUM70847896,46OXeOikRrdTGLCYXxBUqs,spotify:track:46OXeOikRrdTGLCYXxBUqs
Beautiful,Akon,Freedom,Favorite Songs,Favorite,USUM70845927,0lqYRbRiGc5oiCUW51JH5s,spotify:track:0lqYRbRiGc5oiCUW51JH5s
Dhup Chik,Raftaar,Fugly,Favorite Songs,Favorite,INS181400956,21lyA2vyS98vmmW2NUdd9a,spotify:track:21lyA2vyS98vmmW2NUdd9a
Ganesh Gaitonde,Subodh Su2,Ganesh Gaitonde,Favorite Songs,Favorite,AEA0D1983834,3NstFwiKjdsmEFNwCOTPxg,spotify:track:3NstFwiKjdsmEFNwCOTPxg
Shree Ganeshay Dheemahi,Ajay-Atul,Ganesha Symphonic Chants Experience,Favorite Songs,Favorite,NLA930600107,7sRyejjZ7Ebkgo1sy6Gmfj,spotify:track:7sRyejjZ7Ebkgo1sy6Gmfj
Hunter,Vedesh Sookoo,Gangs Of Wasseypur,Favorite Songs,Favorite,INS181201589,420E2n9BEBXL8J7uYAWXtR,spotify:track:420E2n9BEBXL8J7uYAWXtR
Tu Hi Meri Shab Hai,KK,Gangster,Favorite Songs,Favorite,INH100605328,4IGfpRPTnhzZyL74Ilubrb,spotify:track:4IGfpRPTnhzZyL74Ilubrb
Bheegi Bheegi,James,Gangster,Favorite Songs,Favorite,INH100605329,2YrSozvJeJCMqEaQ9EVLfD,spotify:track:2YrSozvJeJCMqEaQ9EVLfD
"Garmi (From ""Street Dancer 3D"") (feat. Varun Dhawan)",Badshah,"Garmi (From ""Street Dancer 3D"")",Favorite Songs,Favorite,INS181905948,6q9XTgfWilsnyiFofvYrIF,spotify:track:6q9XTgfWilsnyiFofvYrIF
Genda Phool (feat. Payal Dev),Badshah,Genda Phool (feat. Payal Dev),Favorite Songs,Favorite,INS172000876,0gzu5mm36VJH2Zqu8sQPTf,spotify:track:0gzu5mm36VJH2Zqu8sQPTf
Kaise Mujhe,Benny Dayal,Ghajini,Favorite Songs,Favorite,INS180809766,53DXM0bHfB7xkqJZYlksuh,spotify:track:53DXM0bHfB7xkqJZYlksuh
"Ghalat Fehmi - From ""Superstar""",Asim Azhar,"Ghalat Fehmi (From ""Superstar"")",Favorite Songs,Favorite,PKA0A1905755,5mnvugwfFYnJm9zuyGkgqF,spotify:track:5mnvugwfFYnJm9zuyGkgqF
Slowly Slowly,Sachin-Jigar,Go Goa Gone (Original Motion Picture Soundtrack),Favorite Songs,Favorite,INS171300264,2Z5IsY5dxdYZArJ1aYbaHZ,spotify:track:2Z5IsY5dxdYZArJ1aYbaHZ
Khoon Choos Le,Sachin-Jigar,Go Goa Gone (Original Motion Picture Soundtrack),Favorite Songs,Favorite,INS171300269,2u9BD3PcGW3yDzgDKoEdEd,spotify:track:2u9BD3PcGW3yDzgDKoEdEd
Babaji Ki Booti,Sachin-Jigar,Go Goa Gone (Original Motion Picture Soundtrack),Favorite Songs,Favorite,INS171300273,4OFgWq4bcGSFH9RSrr30Po,spotify:track:4OFgWq4bcGSFH9RSrr30Po
"Saadi Galli Aaja (From ""Nautanki Saala !"")",Ayushmann Khurrana,Guitar Cafe - Ayushmann Khurrana,Favorite Songs,Favorite,INS181302177,6nY1ltTC3zjULeJgUYjywE,spotify:track:6nY1ltTC3zjULeJgUYjywE
Mayya,A.R. Rahman,Guru (Original Motion Picture Soundtrack),Favorite Songs,Favorite,INS170601062,0hp4qW1zgKnBBiyyAdW3Sz,spotify:track:0hp4qW1zgKnBBiyyAdW3Sz
Ay Hairathe,A.R. Rahman,Guru (Original Motion Picture Soundtrack),Favorite Songs,Favorite,INS170601063,3Bq7CnWgfvplEzGSVXUvOe,spotify:track:3Bq7CnWgfvplEzGSVXUvOe
Tere Bina,A.R. Rahman,Guru (Original Motion Picture Soundtrack),Favorite Songs,Favorite,INS170601060,4FeczSomVWVyU4FW7xDeAI,spotify:track:4FeczSomVWVyU4FW7xDeAI
Udi,Sunidhi Chauhan,Guzaarish,Favorite Songs,Favorite,INS181008678,3B5pWnmR739mZFh4eVdFla,spotify:track:3B5pWnmR739mZFh4eVdFla
Tera Zikr,Shail Hada,Guzaarish,Favorite Songs,Favorite,INS181008675,1UQbGGBQKyNU1tfCQS96Rx,spotify:track:1UQbGGBQKyNU1tfCQS96Rx
Aankhen Bhi Hoti Hai Dil Ki Zuban,Abhijeet,Haasil,Favorite Songs,Favorite,INT131300414,1vzSUpg3xf4hVus0vQuRLa,spotify:track:1vzSUpg3xf4hVus0vQuRLa
Bismil,Sukhwinder Singh,Haider,Favorite Songs,Favorite,INU151400119,7EadaXiYHu40vxlHyE1ib7,spotify:track:7EadaXiYHu40vxlHyE1ib7
Aao Na,Vishal Dadlani,Haider,Favorite Songs,Favorite,INU151400118,1d11xbMYeK2ldGOl5QiV2e,spotify:track:1d11xbMYeK2ldGOl5QiV2e
Humnava,Mithoon,Hamari Adhuri Kahani (Original Motion Picture Soundtrack),Favorite Songs,Favorite,INS171500732,5lLRB1nnTy1p8nFaH1Vdyf,spotify:track:5lLRB1nnTy1p8nFaH1Vdyf
Hasi - Male Version,Ami Mishra,Hamari Adhuri Kahani (Original Motion Picture Soundtrack),Favorite Songs,Favorite,INS171500727,32765xcLM1fd6wQIpkN9A0,spotify:track:32765xcLM1fd6wQIpkN9A0
"Mileya Mileya (From ""Happy Ending)",Rekha Bhardwaj,Happy Ending (Original Motion Picture Soundtrack),Favorite Songs,Favorite,GBSGZ1400215,0F2JKW9PYQgqSmyNM3IV2W,spotify:track:0F2JKW9PYQgqSmyNM3IV2W
"Adhir Man Jhale - From ""Nilkanth Master""",Shreya Ghoshal,Heart Touching Marathi Songs,Favorite Songs,Favorite,INR321600005,07Gtj051J0INMlzv0yshgw,spotify:track:07Gtj051J0INMlzv0yshgw
Main Dhoondne Ko Zamaane Mein,Arijit Singh,Heartless,Favorite Songs,Favorite,INS181306923,75p6BrziB5urmwPCeXl3y7,spotify:track:75p6BrziB5urmwPCeXl3y7
Saaiyaan,Salim–Sulaiman,Heroine (Original Motion Picture Soundtrack),Favorite Songs,Favorite,INU151200108,4lSs8Q2cYcrEy2aps8MPgx,spotify:track:4lSs8Q2cYcrEy2aps8MPgx
High Rated Gabru,Guru Randhawa,High Rated Gabru,Favorite Songs,Favorite,INS181701138,60uVumQU74E83X5dbLHKhN,spotify:track:60uVumQU74E83X5dbLHKhN
Maahi Ve,A.R. Rahman,Highway,Favorite Songs,Favorite,INS181400105,1sbW5E7w8tnqpYk0Frx8QG,spotify:track:1sbW5E7w8tnqpYk0Frx8QG
Patakha Guddi,Sultana,Highway,Favorite Songs,Favorite,INS181400022,7jpmNt5iCtSdXuT1xEGp8O,spotify:track:7jpmNt5iCtSdXuT1xEGp8O
Oh Ho Ho Ho (Remix),Sukhbir,Hindi Medium,Favorite Songs,Favorite,INS181700709,3F0I9AkbRwz12yz7Hxn0bF,spotify:track:3F0I9AkbRwz12yz7Hxn0bF
"Towards The Sun - From The ""Home"" Soundtrack",Rihanna,Home (Original Motion Picture Soundtrack),Favorite Songs,Favorite,QM5FT1500001,6cy83P2limyzaFSl3OoQe0,spotify:track:6cy83P2limyzaFSl3OoQe0
"Drop That - From The ""Home"" Soundtrack",Jacob Plant,Home (Original Motion Picture Soundtrack),Favorite Songs,Favorite,QM5FT1500004,3qDML2WJoFe3iCbLaxYaVh,spotify:track:3qDML2WJoFe3iCbLaxYaVh
Sajna Ji Vaari Vaari,Vishal-Shekhar,Honeymoon Travels Pvt. Ltd.,Favorite Songs,Favorite,INS180700056,66wEHvHkE7iz73PEob4Y98,spotify:track:66wEHvHkE7iz73PEob4Y98
Hornn Blow,Harrdy Sandhu,Hornn Blow,Favorite Songs,Favorite,INS181600604,170bb45dHeLQdCZjAltIiB,spotify:track:170bb45dHeLQdCZjAltIiB
Jooma Chumma De De,Sudesh Bhosle,Hum,Favorite Songs,Favorite,INH109238920,0oy4Zk7CVLObwnDX8YZZ1e,spotify:track:0oy4Zk7CVLObwnDX8YZZ1e
Albela Sajan,Sultan Khan,Hum Dil De Chuke Sanam,Favorite Songs,Favorite,INS189911120,3KMub0Ud64WTbc2ELy6ZQW,spotify:track:3KMub0Ud64WTbc2ELy6ZQW
"Humnava (From ""Hamari Adhuri Kahani"")",Mithoon,"Humnava (From ""Hamari Adhuri Kahani"")",Favorite Songs,Favorite,INS171500732,4wqyrrwu6HCZWqdbOx53JX,spotify:track:4wqyrrwu6HCZWqdbOx53JX
Bardaasht,KK,Humraaz (Original Motion Picture Soundtrack),Favorite Songs,Favorite,INV110200309,05dXyzyAV2YthlmLVZ2QIp,spotify:track:05dXyzyAV2YthlmLVZ2QIp
In the End,Linkin Park,Hybrid Theory (Bonus Edition),Favorite Songs,Favorite,USWB10002407,60a0Rd6pjrkxjPbaKzXjfq,spotify:track:60a0Rd6pjrkxjPbaKzXjfq
"Iktara (From ""Wake Up Sid"")",Amit Trivedi,I Love You...Forever,Favorite Songs,Favorite,INS170900329,0bmp0lE3ArELHqda9PBMVG,spotify:track:0bmp0lE3ArELHqda9PBMVG
Illegal Weapon,Garry Sandhu,Illegal Weapon,Favorite Songs,Favorite,FRX201706358,3Oe3VdPn6rAueriQvFhCBA,spotify:track:3Oe3VdPn6rAueriQvFhCBA
Chadhta Sooraj Dheere Dheere,Mujtaba Aziz Naza,Indu Sarkar,Favorite Songs,Favorite,INH101707055,58fITobMKrHLAQRRfWzrRC,spotify:track:58fITobMKrHLAQRRfWzrRC
Gabhru,Jstar,International Villager,Favorite Songs,Favorite,INM431101200,46o9zQ9jBIo9jJEeaOIVZd,spotify:track:46o9zQ9jBIo9jJEeaOIVZd
Brown Rang,Yo Yo Honey Singh,International Villager,Favorite Songs,Favorite,INM431101193,3yRLROmAcKJBqTrdEczFB8,spotify:track:3yRLROmAcKJBqTrdEczFB8
Ishaqzaade,Amit Trivedi,Ishaqzaade,Favorite Songs,Favorite,INY091200001,74dP5hqakjK6WAs05TqOwb,spotify:track:74dP5hqakjK6WAs05TqOwb
Dil To Bachcha Hai,Rahat Fateh Ali Khan,Ishqiya,Favorite Songs,Favorite,INS180907603,3EFGRGsshk0NWidcXfhKvw,spotify:track:3EFGRGsshk0NWidcXfhKvw
Ibn - E - Batuta,Sukhwinder Singh,Ishqiya,Favorite Songs,Favorite,INS180907604,6T8vyAyrbKSLjS6cOpjIeB,spotify:track:6T8vyAyrbKSLjS6cOpjIeB
Ishq Shava,A.R. Rahman,Jab Tak Hai Jaan,Favorite Songs,Favorite,INY091200034,3RTL7zAwEu9vi5F4M9zeX1,spotify:track:3RTL7zAwEu9vi5F4M9zeX1
Nagada Nagada,Pritam,Jab We Met,Favorite Songs,Favorite,INS180705984,2W6bC4K4e6y42HnYTA5yHO,spotify:track:2W6bC4K4e6y42HnYTA5yHO
Aaoge Jab Tum,Rashid Khan,Jab We Met,Favorite Songs,Favorite,INS180705987,3fWMFwaJil8fD14JCgwbcL,spotify:track:3fWMFwaJil8fD14JCgwbcL
Aao Milo Chalo,Pritam,Jab We Met,Favorite Songs,Favorite,INS180705985,6ocOeSjnWPcSTaSsi0zIdY,spotify:track:6ocOeSjnWPcSTaSsi0zIdY
Kabhi Jo Baadal Barse,Arijit Singh,Jackpot,Favorite Songs,Favorite,INS181306448,3MVPReTwLNOBFb6KjiIRNM,spotify:track:3MVPReTwLNOBFb6KjiIRNM
Zara Sa,Pritam,Jannat (Original Motion Picture Soundtrack),Favorite Songs,Favorite,INS170800033,18YHbIhrleUkKKj2DvEp79,spotify:track:18YHbIhrleUkKKj2DvEp79
Judai,Pritam,Jannat (Original Motion Picture Soundtrack),Favorite Songs,Favorite,INS170800040,7LGgRybx6vnACSRnYcGmMl,spotify:track:7LGgRybx6vnACSRnYcGmMl
Haan Tu Hain,Pritam,Jannat (Original Motion Picture Soundtrack),Favorite Songs,Favorite,INS170800035,4vgCpNUUcpEIBifidhQOnR,spotify:track:4vgCpNUUcpEIBifidhQOnR
Rab Ka Shukrana,Pritam,Jannat 2 (Original Motion Picture Soundtrack),Favorite Songs,Favorite,INS171200266,2VJIaxgWeyw9loL1sqKl7c,spotify:track:2VJIaxgWeyw9loL1sqKl7c
Tujhe Sochta Hoon,Pritam,Jannat 2 (Original Motion Picture Soundtrack),Favorite Songs,Favorite,INS171200261,47l2Dd3XPBLio3kjbEMyDJ,spotify:track:47l2Dd3XPBLio3kjbEMyDJ
Ye Go Ye Ye Maina,Ajay,Jatra,Favorite Songs,Favorite,INV270700008,1rWgOmXy2OH05Lyi2z7nZo,spotify:track:1rWgOmXy2OH05Lyi2z7nZo
Tu Aashiqui Hai,Vishal-Shekhar,Jhankaar Beats (Original Motion Picture Soundtrack),Favorite Songs,Favorite,INS171600357,2vuhZrEHS25D8xNQTSvuuj,spotify:track:2vuhZrEHS25D8xNQTSvuuj
Bol Na Halke Halke,Shankar-Ehsaan-Loy,Jhoom Barabar Jhoom,Favorite Songs,Favorite,INY090700151,0u8wprNfOdcWpUlWnfMcpP,spotify:track:0u8wprNfOdcWpUlWnfMcpP
Jine Mera Dil Luteya,Jazzy B,Jine Mera Dil Luteya,Favorite Songs,Favorite,USA560646533,5C8sVogaodxD4RPilP5dR4,spotify:track:5C8sVogaodxD4RPilP5dR4
Jadu Hai Nasha Hai - 2002,Shreya Ghoshal,Jism,Favorite Songs,Favorite,INH100252270,3ezYLk9ned8ITGIPMvfpew,spotify:track:3ezYLk9ned8ITGIPMvfpew
Abhi Abhi,KK,Jism 2,Favorite Songs,Favorite,INS181202148,1tKhy83q8OsdcpZaX9N4Z2,spotify:track:1tKhy83q8OsdcpZaX9N4Z2
Khwaja Mere Khwaja,A.R. Rahman,Jodhaa Akbar (Original Motion Picture Soundtrack),Favorite Songs,Favorite,INS170709395,4Zuei1UAP5pB5ovra9dnnp,spotify:track:4Zuei1UAP5pB5ovra9dnnp
Lallati Bhandar - Ambabaicha Gondhal,Ajay-Atul,Jogwa (Original Motion Picture Soundtrack),Favorite Songs,Favorite,INS171300565,0kt9xGWGomC6OGFXkwLY5k,spotify:track:0kt9xGWGomC6OGFXkwLY5k
Move Your Body,Shankar Mahadevan,Johnny Gaddaar,Favorite Songs,Favorite,INS180908070,22HJ4YE3pSe2a5udrDRIWz,spotify:track:22HJ4YE3pSe2a5udrDRIWz
Juti Jharrke,Hardeep Grewal,Juti Jharrke,Favorite Songs,Favorite,FRX201961560,6nzbIajXjDbkUWGK46Okqa,spotify:track:6nzbIajXjDbkUWGK46Okqa
Juttni - Billy X,Billy X,Juttni,Favorite Songs,Favorite,CA5KR1572424,269elyEtLNL3waLbXdEXoA,spotify:track:269elyEtLNL3waLbXdEXoA
Kaam 25 - Sacred Games,DIVINE,Kaam 25 (Sacred Games),Favorite Songs,Favorite,FR59R1811556,6Kynli1iHBqJRWUCohcV9h,spotify:track:6Kynli1iHBqJRWUCohcV9h
Ishq Samundar,Sunidhi Chauhan,Kaante,Favorite Songs,Favorite,INS180241120,26AwzkDNxx9D0KXmBhY0Gd,spotify:track:26AwzkDNxx9D0KXmBhY0Gd
Barsaat,Adnan Sami,Kabhi To Nazar Milao,Favorite Songs,Favorite,INM120000458,30LSzmDNtfH7DPrF6mXZI8,spotify:track:30LSzmDNtfH7DPrF6mXZI8
Lift Karadey,Adnan Sami,Kabhi To Nazar Milao... Jhankar Beats,Favorite Songs,Favorite,INM120100445,1jSITyxOyMX0MMG5DDau4w,spotify:track:1jSITyxOyMX0MMG5DDau4w
Kabhi To Nazar Milao,Adnan Sami,Kabhi To Nazar Milao/Bheegi Bheegi raton Mein,Favorite Songs,Favorite,GBKRT0710669,3bO7PoVn2Med6obuToYBLG,spotify:track:3bO7PoVn2Med6obuToYBLG
Na Tum Jano Na Hum,Lucky Ali,Kaho Naa Pyar Hai,Favorite Songs,Favorite,INH109939990,4xjNRqlboe8KyB6M30pc6i,spotify:track:4xjNRqlboe8KyB6M30pc6i
"Kalakkatha - Club Edit - From ""Ayyappanum Koshiyum""",Diorange,"Kalakkatha - Club Edit (From ""Ayyappanum Koshiyum"")",Favorite Songs,Favorite,INM202310360,3WqyrkfHAPVQS9CAOn0lBS,spotify:track:3WqyrkfHAPVQS9CAOn0lBS
Jiya Dhadak Dhadak Jaye,Rahat Fateh Ali Khan,Kalyug (Original Motion Picture Soundtrack),Favorite Songs,Favorite,INH100510219,4CKi5CijlpT7ljOgLN7ReX,spotify:track:4CKi5CijlpT7ljOgLN7ReX
Om Mangalam,RDB,Kambakkht Ishq,Favorite Songs,Favorite,GBSGZ0900028,1weVzeiAIRAL1aRMEYG7Sn,spotify:track:1weVzeiAIRAL1aRMEYG7Sn
Pehli Baar Mohabbat,Mohit Chauhan,Kaminey,Favorite Songs,Favorite,INS180902829,58xpZwxUpgrnJMTEmvkZMP,spotify:track:58xpZwxUpgrnJMTEmvkZMP
Dhan Te Nan,Sukhwinder Singh,Kaminey,Favorite Songs,Favorite,INS180902828,2BOY77LvMTUOfLcnfFAJGl,spotify:track:2BOY77LvMTUOfLcnfFAJGl
Kana Yaari,Kaifi Khalil,Kana Yaari,Favorite Songs,Favorite,FR10S2244029,7MTUN4bpk7Im3Sxz9oCULf,spotify:track:7MTUN4bpk7Im3Sxz9oCULf
"Kar Har Maidaan Fateh (From ""Sanju"")",Sukhwinder Singh,"Kar Har Maidaan Fateh (From ""Sanju"")",Favorite Songs,Favorite,INS181801360,3FHl1QYu76zguwjqhqcglX,spotify:track:3FHl1QYu76zguwjqhqcglX
Kaththi Theme… The Sword of Destiny,Anirudh Ravichander,Kaththi (Original Motion Picture Soundtrack),Favorite Songs,Favorite,GBSGZ1400178,1m2PQa2vARopdOK8xGVkaX,spotify:track:1m2PQa2vARopdOK8xGVkaX
Dil Dooba,Sonu Nigam,Khakee,Favorite Songs,Favorite,INS180351142,6cUaCs1lKfDOyFKMkBF8ch,spotify:track:6cUaCs1lKfDOyFKMkBF8ch
Aisa Jadoo,Sunidhi Chauhan,Khakee,Favorite Songs,Favorite,INS180351140,3NEW0n3CQRFsmsIOPHcOOK,spotify:track:3NEW0n3CQRFsmsIOPHcOOK
Tu Har Lamha,Bobby-Imran,Khamoshiyan (Original Motion Picture Soundtrack),Favorite Songs,Favorite,INS171402462,2EPOgSRhA90xWGVtNZwEv8,spotify:track:2EPOgSRhA90xWGVtNZwEv8
Baatein Ye Kabhi Na - Male,Jeet Gannguli,Khamoshiyan (Original Motion Picture Soundtrack),Favorite Songs,Favorite,INS171402463,0PxMHdQ6bSz9q0eJj3kJzb,spotify:track:0PxMHdQ6bSz9q0eJj3kJzb
Khamoshiyan,Jeet Gannguli,Khamoshiyan (Original Motion Picture Soundtrack),Favorite Songs,Favorite,INS171402465,6zCQF5tu7HVwU9shhKqiuF,spotify:track:6zCQF5tu7HVwU9shhKqiuF
Aila Re Aila,Pritam,Khatta Meetha,Favorite Songs,Favorite,INS181006843,02v9KVBgpXJtuHtr99DuMM,spotify:track:02v9KVBgpXJtuHtr99DuMM
Hookah Bar,Himesh Reshammiya,Khiladi 786,Favorite Songs,Favorite,INS181204580,4AoQVhME8Ko6LNm4lV2wwQ,spotify:track:4AoQVhME8Ko6LNm4lV2wwQ
Long Drive,Mika Singh,Khiladi 786,Favorite Songs,Favorite,INS181204578,0sSapNABKrGwgaMhn0p8uL,spotify:track:0sSapNABKrGwgaMhn0p8uL
Balma,Shriram,Khiladi 786,Favorite Songs,Favorite,INS181204577,2AAYoDgYtx5WCAg7Axeg70,spotify:track:2AAYoDgYtx5WCAg7Axeg70
Woh Kisna Hai,Sukhwinder Singh,Kisna (Original Motion Picture Soundtrack),Favorite Songs,Favorite,INT101402292,5Se9PXWc57LRT0zthjI5cG,spotify:track:5Se9PXWc57LRT0zthjI5cG
Fire,Rajesh Roshan,Kites,Favorite Songs,Favorite,INS181005606,7js0TOo7PwrlsrwfiDnpHB,spotify:track:7js0TOo7PwrlsrwfiDnpHB
Dil Kyun Yeh Mera,KK,Kites,Favorite Songs,Favorite,INS181005603,5nHwX7e5XHnie22nuTFgda,spotify:track:5nHwX7e5XHnie22nuTFgda
Chal Bombay,DIVINE,Kohinoor,Favorite Songs,Favorite,INUM71900049,6AooRgSRDzbCYL4NZ4RCjU,spotify:track:6AooRgSRDzbCYL4NZ4RCjU
Kohinoor,DIVINE,Kohinoor,Favorite Songs,Favorite,INUM71900039,1VYMsDdZ3toHtlZxAGS95n,spotify:track:1VYMsDdZ3toHtlZxAGS95n
Its Magic,Taz Stereo Nation,Koi Mil Gaya,Favorite Songs,Favorite,INH102103956,70j74atmIVmVJqUuesfPKU,spotify:track:70j74atmIVmVJqUuesfPKU
"Sorry, Blame It On Me",Akon,Konvicted,Favorite Songs,Favorite,USUM70743018,6m5jURnwGHY1pVw0sJqBBq,spotify:track:6m5jURnwGHY1pVw0sJqBBq
Smack That,Akon,Konvicted,Favorite Songs,Favorite,USUM70609036,3qKGvSu1inEZKwYQnMavNA,spotify:track:3qKGvSu1inEZKwYQnMavNA
Don't Matter,Akon,Konvicted,Favorite Songs,Favorite,USUM70615300,12yGwtB2h9NlzeOKYfVYTF,spotify:track:12yGwtB2h9NlzeOKYfVYTF
Suna Suna,Shreya Ghoshal,Krishna Cottage,Favorite Songs,Favorite,INT131201864,5RdZsV4TuWBCmigRvlWHGv,spotify:track:5RdZsV4TuWBCmigRvlWHGv
Kuch Naa Kaho,Shankar,Kuch Naa Kaho,Favorite Songs,Favorite,INH100351130,5Xl4FfPodAC9D30gKTlfBO,spotify:track:5Xl4FfPodAC9D30gKTlfBO
Ali Maula,Salim–Sulaiman,Kurbaan (Original Motion Picture Soundtrack),Favorite Songs,Favorite,INS170900430,5HpnLY6fuuYilWgbD5oIC1,spotify:track:5HpnLY6fuuYilWgbD5oIC1
Kya Baat Ay,Harrdy Sandhu,Kya Baat Ay,Favorite Songs,Favorite,INS171806873,1ZaeaGLhFSckG8sv1y7AWk,spotify:track:1ZaeaGLhFSckG8sv1y7AWk
Radha Kaise Na Jale,A.R. Rahman,Lagaan (Original Motion Picture Soundtrack),Favorite Songs,Favorite,INS170000585,0wnLMEOQlyW3Es1ag0HMVV,spotify:track:0wnLMEOQlyW3Es1ag0HMVV
Agar Main Kahoon,Shankar-Ehsaan-Loy,Lakshya (Original Motion Picture Soundtrack),Favorite Songs,Favorite,INS170400018,2148snU4pEZT7CgankziXh,spotify:track:2148snU4pEZT7CgankziXh
Main Aisa Kyon Hoon,Shankar-Ehsaan-Loy,Lakshya (Original Motion Picture Soundtrack),Favorite Songs,Favorite,INS170400017,11ipwX6rA4f5KMTYB7QFXj,spotify:track:11ipwX6rA4f5KMTYB7QFXj
Put Your Head On My Shoulder (Remastered),Paul Anka,Las 66 Favoritas de Jose María Íñigo y José Ramón Pardo. Vol. 1 (1958-1961) [Remastered]],Favorite Songs,Favorite,ES6341100128,3BSjclxC2Idsc5d8LsCJwj,spotify:track:3BSjclxC2Idsc5d8LsCJwj
O Meri Jaan,Pritam,Life In A Metro (Original Motion Picture Soundtrack),Favorite Songs,Favorite,INS170701313,6qMB7GsJd7L8sqEvQGWQl6,spotify:track:6qMB7GsJd7L8sqEvQGWQl6
In Dino,Pritam,Life In A Metro (Original Motion Picture Soundtrack),Favorite Songs,Favorite,INS170701311,6YycppSAeGtSvwmu8qCcr2,spotify:track:6YycppSAeGtSvwmu8qCcr2
Baatein Kuch Ankahee,Pritam,Life In A Metro (Original Motion Picture Soundtrack),Favorite Songs,Favorite,INS170701315,5arambGXhSW6TZUR9L0tSw,spotify:track:5arambGXhSW6TZUR9L0tSw
Alvida,Pritam,Life In A Metro (Original Motion Picture Soundtrack),Favorite Songs,Favorite,INS170701312,7EjatvVN2Y2GjpvKSyWJR4,spotify:track:7EjatvVN2Y2GjpvKSyWJR4
CASTLE OF GLASS,Linkin Park,LIVING THINGS,Favorite Songs,Favorite,USWB11200795,1r1fPuhj9H4VdXr7OK6FL5,spotify:track:1r1fPuhj9H4VdXr7OK6FL5
BURN IT DOWN,Linkin Park,LIVING THINGS,Favorite Songs,Favorite,USWB11200587,7oVEtyuv9NBmnytsCIsY5I,spotify:track:7oVEtyuv9NBmnytsCIsY5I
"Twist (From ""Love Aaj Kal"")",Neeraj Shridhar,Love Aaj Kal,Favorite Songs,Favorite,GBSGZ0900019,2W94YEMyahGhIrsjx35dVQ,spotify:track:2W94YEMyahGhIrsjx35dVQ
"Ajj Din Chadheya (From ""Love Aaj Kal "")",Rahat Fateh Ali Khan,Love Aaj Kal,Favorite Songs,Favorite,GBSGZ0900022,6lHBOxVVbjkmByOjHRC2bA,spotify:track:6lHBOxVVbjkmByOjHRC2bA
"Aahun Aahun (From ""Love Aaj Kal"")",Master Saleem,Love Aaj Kal,Favorite Songs,Favorite,GBSGZ0900018,1WrrcqB5cmqxJIJMcYk6fj,spotify:track:1WrrcqB5cmqxJIJMcYk6fj
"Dooriyan (From ""Love Aaj Kal"")",Mohit Chauhan,Love Aaj Kal,Favorite Songs,Favorite,GBSGZ0900021,4peiaLdhDgUgQ646Gpbvh3,spotify:track:4peiaLdhDgUgQ646Gpbvh3
"Agar Tum Saath Ho (From ""Tamasha"")",Alka Yagnik,Love Forever With Arijit Singh,Favorite Songs,Favorite,INS181501796,2FCXQHugkoHE1K3tiDu8pu,spotify:track:2FCXQHugkoHE1K3tiDu8pu
Sapnon Se Bhare Naina,Shankar Mahadevan,Luck By Chance,Favorite Songs,Favorite,INS180908150,6BMvC9tcX7ZZATrou342hk,spotify:track:6BMvC9tcX7ZZATrou342hk
Baawre,Shankar Mahadevan,Luck By Chance,Favorite Songs,Favorite,INS180908147,77CwFcxkvpGOc86zVEATWO,spotify:track:77CwFcxkvpGOc86zVEATWO
Sun Zara,Sonu Nigam,Lucky: No Time For Love,Favorite Songs,Favorite,INS180500042,02euTcoCdu3gvfF6ArEvZU,spotify:track:02euTcoCdu3gvfF6ArEvZU
Chori Chori,Alka Yagnik,Lucky: No Time For Love,Favorite Songs,Favorite,INS180500044,1x7T34ntvHETqgVeYVK2Jm,spotify:track:1x7T34ntvHETqgVeYVK2Jm
Made in India,Alisha Chinai,Made in India,Favorite Songs,Favorite,INM129500345,6NVGAoLnJaooF97t8Kgs78,spotify:track:6NVGAoLnJaooF97t8Kgs78
Low (feat. T-Pain),Flo Rida,Mail on Sunday,Favorite Songs,Favorite,USAT20705841,0CAfXk7DXMnon4gLudAp7J,spotify:track:0CAfXk7DXMnon4gLudAp7J
Main Hoon,Sanam,Main Hoon,Favorite Songs,Favorite,INS171400916,6jTL6ZjxSH12hS9Djhlm9r,spotify:track:6jTL6ZjxSH12hS9Djhlm9r
Tumhe Jo Maine Dekha,Abhijeet,Main Hoon Na,Favorite Songs,Favorite,INS180461112,0pPGUL7171TRGgI6wyP8wP,spotify:track:0pPGUL7171TRGgI6wyP8wP
Ik Lamha,Azaan Sami Khan,Main Tera,Favorite Songs,Favorite,INU252103324,6KtSNVgCmQEvDgIuHoXAkT,spotify:track:6KtSNVgCmQEvDgIuHoXAkT
Shake Body,Skales,Man Of The Year,Favorite Songs,Favorite,TCACF1586386,4btYeVhPo0QIbUxySZGjba,spotify:track:4btYeVhPo0QIbUxySZGjba
Mazi Pandhari Chi Maay,Ajay Gogavale,Mauli,Favorite Songs,Favorite,INR791800001,7weLIfRYYPLOfYLZkszvQ6,spotify:track:7weLIfRYYPLOfYLZkszvQ6
Aa Ante Amalapuram,Malathi,Maximum,Favorite Songs,Favorite,INS181201713,6iC7uWRaU8uuklZ6z7yC1c,spotify:track:6iC7uWRaU8uuklZ6z7yC1c
Ghei Chand Makarand,Rahul Deshpande,Me Vasantrao (Original Motion Picture Soundtrack),Favorite Songs,Favorite,FR2X42255481,5Btz18RCFTdLVIdySQ5rRt,spotify:track:5Btz18RCFTdLVIdySQ5rRt
Isq Risk,Sohail Sen,Mere Brother Ki Dulhan,Favorite Songs,Favorite,INY091100022,0rxEPf4Y6uBmV3hkrV340a,spotify:track:0rxEPf4Y6uBmV3hkrV340a
Madhubala,Sohail Sen,Mere Brother Ki Dulhan,Favorite Songs,Favorite,INY091100023,44OZwf1pS0nnoPJEz2pqAX,spotify:track:44OZwf1pS0nnoPJEz2pqAX
Mere Gully Mein (feat. Naezy),DIVINE,Mere Gully Mein (feat. Naezy),Favorite Songs,Favorite,INS171500560,4NEdR5Yo8D2KwL7Y9KW7EH,spotify:track:4NEdR5Yo8D2KwL7Y9KW7EH
Numb,Linkin Park,Meteora,Favorite Songs,Favorite,USWB10300474,2nLtzopw4rPReszdYBJU6h,spotify:track:2nLtzopw4rPReszdYBJU6h
Best Song Ever,One Direction,Midnight Memories (Deluxe),Favorite Songs,Favorite,GBHMU1300102,5T7ZFtCcOgkpjxcuaeZbw0,spotify:track:5T7ZFtCcOgkpjxcuaeZbw0
"Milegi Milegi (From ""Stree"")",Mika Singh,"Milegi Milegi (From ""Stree"")",Favorite Songs,Favorite,INS181801764,52uiJsA4FrtAZlgqxCJwJI,spotify:track:52uiJsA4FrtAZlgqxCJwJI
Mirzya,Daler Mehndi,Mirzya - Dare To Love,Favorite Songs,Favorite,INS181601465,6UHlZuVp5fzFn1kW2r2p7g,spotify:track:6UHlZuVp5fzFn1kW2r2p7g
Tip Tip Barsa Paani,Alka Yagnik,Mohra (Original Motion Picture Soundtrack),Favorite Songs,Favorite,INV119400084,0VPVC9SAd50YMPhHfCz7F6,spotify:track:0VPVC9SAd50YMPhHfCz7F6
Get Low,Dillon Francis,"Money Sucks, Friends Rule",Favorite Songs,Favorite,USSM11403232,3oZoXyU0SkDldgS7AcN4y4,spotify:track:3oZoXyU0SkDldgS7AcN4y4
Pump It,Black Eyed Peas,Monkey Business,Favorite Songs,Favorite,USIR10500407,2ygMBIctKIAfbEBcT9065L,spotify:track:2ygMBIctKIAfbEBcT9065L
Sukhkarta Dookharta (Aarti),Dnyaneshwar Meshram,Morya,Favorite Songs,Favorite,INE151300002,52AG2vDj4m830thyrCve0d,spotify:track:52AG2vDj4m830thyrCve0d
Tuch Maajhi Aai Devaa,Dnyaneshwar Meshram,Morya,Favorite Songs,Favorite,INE151300001,4NIIHf9V92ZygDQpY2IM3Y,spotify:track:4NIIHf9V92ZygDQpY2IM3Y
He Lambodhar Gajmukh Mere Moraya,Farid Sabri,Morya,Favorite Songs,Favorite,INE151300005,5Mmjl5pgacs6J4onkSQ4oO,spotify:track:5Mmjl5pgacs6J4onkSQ4oO
Tu Jo Hain,Ankit Tiwari,Mr. X (Original Motion Picture Soundtrack),Favorite Songs,Favorite,INS171500352,3HH3xlISSAhadC8bu0UDdl,spotify:track:3HH3xlISSAhadC8bu0UDdl
Jeene Ke Hain Chaar Din,Sonu Nigam,Mujhse Shaadi Karogi,Favorite Songs,Favorite,INS180461123,4UJih0aZ8YcQm4CIErba45,spotify:track:4UJih0aZ8YcQm4CIErba45
Paintra - Extended Version,DIVINE,Mukkabaaz (Original Motion Picture Soundtrack),Favorite Songs,Favorite,GBSGZ1501287,4hXnLzxxVrpQEMX4KUz5cH,spotify:track:4hXnLzxxVrpQEMX4KUz5cH
Dil Ko Hazar Bar,Alsiha Chinai,Murder,Favorite Songs,Favorite,INH100450030,1WnDMbh4JP7Dp12sy0fd3L,spotify:track:1WnDMbh4JP7Dp12sy0fd3L
Kaho Na Kaho,Amir Jamal,Murder (Original Motion Picture Soundtrack),Favorite Songs,Favorite,INH100902140,1hdwX8RMyVhMoBISvnuDZJ,spotify:track:1hdwX8RMyVhMoBISvnuDZJ
Phir Mohabbat,Mohammed Irfan,Murder 2,Favorite Songs,Favorite,INS181101313,2b2HutIDmoeBnnKRWDLAtV,spotify:track:2b2HutIDmoeBnnKRWDLAtV
Aye Khuda,Kshitij Tarey,Murder 2,Favorite Songs,Favorite,INS181101312,1SdMHj6tJp2YZ5INflJR1T,spotify:track:1SdMHj6tJp2YZ5INflJR1T
Aa Zara,Sunidhi Chauhan,Murder 2,Favorite Songs,Favorite,INS181101311,42epVqODeb3JYwG8XwahPi,spotify:track:42epVqODeb3JYwG8XwahPi
Hale Dil,Harshit Saxena,Murder 2,Favorite Songs,Favorite,INS181101310,6GQK4G5o60E8YA18DGpAzv,spotify:track:6GQK4G5o60E8YA18DGpAzv
Mat Aazma Re,Pritam,Murder 3 (Original Motion Picture Soundtrack),Favorite Songs,Favorite,INS171300002,0mh4VutnDyBn1sqcp05MZD,spotify:track:0mh4VutnDyBn1sqcp05MZD
Saaki,Vishal-Shekhar,Musafir,Favorite Songs,Favorite,INS180461128,3zEkqnyPzhHBuHCeoWLYjQ,spotify:track:3zEkqnyPzhHBuHCeoWLYjQ
Yaad Aayee,Adnan Sami,Muskaan,Favorite Songs,Favorite,INS180351206,4x6WWr7FGa7EeRg8eTT7oR,spotify:track:4x6WWr7FGa7EeRg8eTT7oR
GDFR (feat. Sage the Gemini & Lookas),Flo Rida,My House,Favorite Songs,Favorite,USAT21404117,26rdOwwjC2UnweK3xeS58u,spotify:track:26rdOwwjC2UnweK3xeS58u
Sajdaa,Shankar-Ehsaan-Loy,My Name Is Khan (Original Motion Picture Soundtrack),Favorite Songs,Favorite,INS170900501,5upmbnXemLfPvs3d2eyHml,spotify:track:5upmbnXemLfPvs3d2eyHml
Noor E Khuda,Shankar-Ehsaan-Loy,My Name Is Khan (Original Motion Picture Soundtrack),Favorite Songs,Favorite,INS170900500,0tY8ZIArzjkH6dbXp42ohg,spotify:track:0tY8ZIArzjkH6dbXp42ohg
Naagin,Vayu,Naagin,Favorite Songs,Favorite,INS171903305,7gAyu0od48mkaCw1laPKVC,spotify:track:7gAyu0od48mkaCw1laPKVC
"Main Jahaan Rahoon (From ""Namastey London"")",Rahat Fateh Ali Khan,Namastey London,Favorite Songs,Favorite,GBSGZ0700026,26q5bMeoH7C2K3Xye5QKnH,spotify:track:26q5bMeoH7C2K3Xye5QKnH
Rafta Rafta,RDB,Namastey London,Favorite Songs,Favorite,GBSGZ0700028,6y5hV4UIPFavg6ojxwIzoU,spotify:track:6y5hV4UIPFavg6ojxwIzoU
Ek Din Teri Raahon,Javed Ali,Naqaab (Original Motion Picture Soundtrack),Favorite Songs,Favorite,INT100700189,6UEhNvccAc4OyEDJYB5brb,spotify:track:6UEhNvccAc4OyEDJYB5brb
千夜,Yasuharu Takanashi,NARUTO-ナルト- 疾風伝　オリジナル・サウンドトラック Ⅱ,Favorite Songs,Favorite,JPE300902423,2VWDk6GcnMaysTpVQH121M,spotify:track:2VWDk6GcnMaysTpVQH121M
Nasha (Equals Sessions),Faridkot,Nasha (Equals Sessions) - Single,Favorite Songs,Favorite,QMBZ91922158,1rDjwexewf4hrdZT7SRNsH,spotify:track:1rDjwexewf4hrdZT7SRNsH
Nashik Dhol Part-1,Meghraj Sutar,Nashik Dhol,Favorite Songs,Favorite,FR10S1907597,6a1r8J38lDeULmh9Inar8z,spotify:track:6a1r8J38lDeULmh9Inar8z
Tune Jo Na Kaha,Pritam,New York,Favorite Songs,Favorite,INY090900003,0pw3p4gf5homOkvOGOJulF,spotify:track:0pw3p4gf5homOkvOGOJulF
Dangerous,Kardinal Offishall,Not 4 Sale,Favorite Songs,Favorite,USUM70830921,4NOZ35Dhucr6UlVyLOtktd,spotify:track:4NOZ35Dhucr6UlVyLOtktd
Main Agar Kahoon,Vishal-Shekhar,Om Shanti Om,Favorite Songs,Favorite,INS180705751,0iXLwnLmLwn9y54JtBTNxY,spotify:track:0iXLwnLmLwn9y54JtBTNxY
Jag Soona Soona Lage,Vishal-Shekhar,Om Shanti Om,Favorite Songs,Favorite,INS180705752,2sVzO3L0fdOMVe8wVlM0IE,spotify:track:2sVzO3L0fdOMVe8wVlM0IE
Dard - E - Disco,Vishal-Shekhar,Om Shanti Om,Favorite Songs,Favorite,INS180705749,2GTasAZimpxzNgE7aXFifI,spotify:track:2GTasAZimpxzNgE7aXFifI
"Naina (From ""Omkara"")",Rahat Fateh Ali Khan,Omkara,Favorite Songs,Favorite,GBSGZ0700020,11NGh2wd1oAVMtB2G1qXvc,spotify:track:11NGh2wd1oAVMtB2G1qXvc
Tum Jo Aaye,Pritam,Once Upon A Time In Mumbaai,Favorite Songs,Favorite,INS181007085,2iZeKe5avjtKVmjfSFkpxd,spotify:track:2iZeKe5avjtKVmjfSFkpxd
Ye Tune Kya Kiya,Pritam,Once Upon Ay Time In Mumbai Dobaara !,Favorite Songs,Favorite,INS181304385,2cPUB8EOT6AfJ8oxhyoNXL,spotify:track:2cPUB8EOT6AfJ8oxhyoNXL
Aye Khuda,Salim Merchant,Paathshaala,Favorite Songs,Favorite,INS181005536,1vgVsR5rkXGP4NmUcoroJH,spotify:track:1vgVsR5rkXGP4NmUcoroJH
"Pachtaoge (From ""Jaani Ve"")",Arijit Singh,"Pachtaoge (From ""Jaani Ve"")",Favorite Songs,Favorite,INS181904506,5QVHNa0ppJUOoqSd36ovQS,spotify:track:5QVHNa0ppJUOoqSd36ovQS
Khalibali,Shivam Pathak,Padmaavat,Favorite Songs,Favorite,INS181800099,3JT0mVof65rIHpRZITwRx1,spotify:track:3JT0mVof65rIHpRZITwRx1
Pagol,Deep Jandu,Pagol,Favorite Songs,Favorite,CA3SS1932001,7MpfARGQRFqZxHEWLBjDkx,spotify:track:7MpfARGQRFqZxHEWLBjDkx
Paisaa,Kushal Grumpy,Paisaa,Favorite Songs,Favorite,QZTB82374520,4gDlagealcSx1ocWfcxRzI,spotify:track:4gDlagealcSx1ocWfcxRzI
Pal,Javed-Mohsin,Pal,Favorite Songs,Favorite,INS171806783,5G7pZ8G8NFvS1MQ9H4L7dC,spotify:track:5G7pZ8G8NFvS1MQ9H4L7dC
Khali Khali Sa,Romy,Panchayat Season 2 (Music from the Series),Favorite Songs,Favorite,INC442200034,68aa97NDLueh8MJNwABoJz,spotify:track:68aa97NDLueh8MJNwABoJz
Pasoori,Shae Gill,Pasoori,Favorite Songs,Favorite,FR10S2289473,7lvDsmTRXFE3dK4OjvRiWB,spotify:track:7lvDsmTRXFE3dK4OjvRiWB
O Meri Zohrajabeen,Himesh Reshammiya,Phir Hera Pheri,Favorite Songs,Favorite,INS180600500,1lMhoj9QVjrTTRokk8kW0u,spotify:track:1lMhoj9QVjrTTRokk8kW0u
Mujhko Yaad Sataye Teri,Himesh Reshammiya,Phir Hera Pheri,Favorite Songs,Favorite,INS180600499,2KQaNLCXDauWnNuVr6tOi2,spotify:track:2KQaNLCXDauWnNuVr6tOi2
Pirate,Liu,Pirate,Favorite Songs,Favorite,TCADC1745321,1JAqy8JxzsmMRq5jD2Oi49,spotify:track:1JAqy8JxzsmMRq5jD2Oi49
Dil Darbadar,Ankit Tiwari,Pk,Favorite Songs,Favorite,INS181420973,64uIY06wOtU9o8r3c1rx1x,spotify:track:64uIY06wOtU9o8r3c1rx1x
Bhagwaan Hai Kahan Re Tu,Sonu Nigam,Pk,Favorite Songs,Favorite,INS181420960,6QXOeVS0RuwbMrI4ud2Lud,spotify:track:6QXOeVS0RuwbMrI4ud2Lud
Tere Liye,Atif Aslam,Prince (Original Motion Picture Soundtrack),Favorite Songs,Favorite,INT101000002,0fCQRUbk8LIQTdQYGNtGyv,spotify:track:0fCQRUbk8LIQTdQYGNtGyv
Kaun Hoon Main,Atif Aslam,Prince (Original Motion Picture Soundtrack),Favorite Songs,Favorite,INT101000003,6JiCWN6LPXxDLwCV9iPJwj,spotify:track:6JiCWN6LPXxDLwCV9iPJwj
Pyar Karke,Pritam,Pyar Ke Side Effects,Favorite Songs,Favorite,INS180601147,1mo37kzViKKynppmfub1vr,spotify:track:1mo37kzViKKynppmfub1vr
PYRO - Extended Mix,Chester Young,PYRO,Favorite Songs,Favorite,NLG3N1900049,77XnNnxkr3FkNF04HEq6JY,spotify:track:77XnNnxkr3FkNF04HEq6JY
Bheegi Si Bhaagi Si,Pritam,Raajneeti (Original Motion Picture Soundtrack),Favorite Songs,Favorite,INS171000170,665b3Nss3OQmhTUdB5hBXw,spotify:track:665b3Nss3OQmhTUdB5hBXw
Mora Piya,Aadesh Shrivastava,Raajneeti (Original Motion Picture Soundtrack),Favorite Songs,Favorite,INS171000145,62kgwMyl2b6A9rJq38PbJ3,spotify:track:62kgwMyl2b6A9rJq38PbJ3
Tum Tak,A.R. Rahman,Raanjhanaa (Original Motion Picture Soundtrack),Favorite Songs,Favorite,INS171300335,1wnozUBSe7OMpmZiTPJC5j,spotify:track:1wnozUBSe7OMpmZiTPJC5j
Raanjhanaa,A.R. Rahman,Raanjhanaa (Original Motion Picture Soundtrack),Favorite Songs,Favorite,INS171300392,5OMUXgfXsSukZ0zxelpC3b,spotify:track:5OMUXgfXsSukZ0zxelpC3b
Piya Milenge,A.R. Rahman,Raanjhanaa (Original Motion Picture Soundtrack),Favorite Songs,Favorite,INS171300462,7o9kPO1qalH8szQlYnMI6C,spotify:track:7o9kPO1qalH8szQlYnMI6C
"Raataan Lambiyan (From ""Shershaah"")",Tanishk Bagchi,"Raataan Lambiyan (From ""Shershaah"")",Favorite Songs,Favorite,INS172102667,2rOnSn2piaqLAlYjtfUBlY,spotify:track:2rOnSn2piaqLAlYjtfUBlY
Ranjha Ranjha,Rekha Bhardwaj,Raavan,Favorite Songs,Favorite,INS181005803,6IFsUWHbinvsqfEQvrP8xR,spotify:track:6IFsUWHbinvsqfEQvrP8xR
O Jaana,Raju Singh,RAAZ - The Mystery Continues (Original Motion Picture Soundtrack),Favorite Songs,Favorite,INS170816457,6nDsd9LoKLPHv4VcpCG5Wg,spotify:track:6nDsd9LoKLPHv4VcpCG5Wg
Soniyo,Raju Singh,RAAZ - The Mystery Continues (Original Motion Picture Soundtrack),Favorite Songs,Favorite,INS170816456,4J5OpeZUR2msDPfMsIeGSU,spotify:track:4J5OpeZUR2msDPfMsIeGSU
Deewana Kar Raha Hai,Javed Ali,Raaz 3,Favorite Songs,Favorite,INS181202495,2tva3nN2kQhBjHMC7Zlty6,spotify:track:2tva3nN2kQhBjHMC7Zlty6
Tujh Mein Rab Dikhta Hai,Salim–Sulaiman,Rab Ne Bana Di Jodi,Favorite Songs,Favorite,INY090800053,2LcXJP95e4HKydTZ2mYfrx,spotify:track:2LcXJP95e4HKydTZ2mYfrx
Race Saanson Ki,Sunidhi Chauhan,Race (Original Motion Picture Soundtrack),Favorite Songs,Favorite,INT100700308,79F3Cm8rSKxKs5l3RxXHIW,spotify:track:79F3Cm8rSKxKs5l3RxXHIW
Party On My Mind,Pritam,Race 2 (Original Motion Picture Soundtrack),Favorite Songs,Favorite,INT101202545,5Rn1DPzSzUktbhuNDDJocS,spotify:track:5Rn1DPzSzUktbhuNDDJocS
Bhayanak Atma,Nucleya,Raja Baja,Favorite Songs,Favorite,FR10S1723089,3IgxCj017H9u8VFHa1U0vk,spotify:track:3IgxCj017H9u8VFHa1U0vk
Mila Toh Marega,Ravindra Upadhyay,Rakht Charitra,Favorite Songs,Favorite,INS181008861,5zlB4HfyZ4C5EbgbHPkYIN,spotify:track:5zlB4HfyZ4C5EbgbHPkYIN
Khaul Khaul Ke,Jojo,Rakht Charitra,Favorite Songs,Favorite,INS181008860,3NJcrzY88MT72IK1Wg0AB2,spotify:track:3NJcrzY88MT72IK1Wg0AB2
Tattad Tattad,Aditya Narayan,Ram-Leela (Original Motion Picture Soundtrack),Favorite Songs,Favorite,FR6V82214374,7CcAKQatXMmlr7wi6BaQsI,spotify:track:7CcAKQatXMmlr7wi6BaQsI
Masti Ki Paathshala,A.R. Rahman,Rang De Basanti (Original Motion Picture Soundtrack),Favorite Songs,Favorite,INS170500263,2cZ2Q33G9mkS8fIVKM591T,spotify:track:2cZ2Q33G9mkS8fIVKM591T
Luka Chuppi,A.R. Rahman,Rang De Basanti (Original Motion Picture Soundtrack),Favorite Songs,Favorite,INS170500268,500H9ENeR5AYbKU1ScK6ME,spotify:track:500H9ENeR5AYbKU1ScK6ME
Khalbali,A.R. Rahman,Rang De Basanti (Original Motion Picture Soundtrack),Favorite Songs,Favorite,INS170500267,6sXzqMagXtWvSOI9nNc4UD,spotify:track:6sXzqMagXtWvSOI9nNc4UD
Hai Rama,Hariharan,Rangeela (Original Motion Picture Soundtrack),Favorite Songs,Favorite,INT109900035,0ZGicTeWpoIMpJax3NAuhn,spotify:track:0ZGicTeWpoIMpJax3NAuhn
Mere Miyan Gaye England,Rekha Bhardwaj,Rangoon,Favorite Songs,Favorite,INS181700068,7ygL6M0dVoEYJknGo23Sfm,spotify:track:7ygL6M0dVoEYJknGo23Sfm
Chammak Challo,Akon,Ra-One,Favorite Songs,Favorite,INS181103370,0EH7sgeiFqDa3eS7ieW2zs,spotify:track:0EH7sgeiFqDa3eS7ieW2zs
Raftaarein,Vishal Dadlani,Ra-One,Favorite Songs,Favorite,INS181103375,3pjZQfBShK7O01QvtQwmcg,spotify:track:3pjZQfBShK7O01QvtQwmcg
Girls Like You (feat. Cardi B) - Cardi B Version,Maroon 5,Red Pill Blues (Deluxe),Favorite Songs,Favorite,USUM71805272,7fa9MBXhVfQ8P8Df9OEbD8,spotify:track:7fa9MBXhVfQ8P8Df9OEbD8
"Woh Pehli Baar (From ""Pyaar Mein Kabhi Kabhi"")",Vishal Dadlani,Rediscovered Gems: Shaan,Favorite Songs,Favorite,INS179900045,4Jm3Fekmlk6x2uANbmji2L,spotify:track:4Jm3Fekmlk6x2uANbmji2L
Dewak Kalji Re,Ajay Gogavale,Redu (Original Motion Picture Soundtrack),Favorite Songs,Favorite,INV271700027,04FrYE3TX2ef8BreMNc0S2,spotify:track:04FrYE3TX2ef8BreMNc0S2
Zara Zara,Bombay Jayashri,Rehnaa Hai Terre Dil Mein,Favorite Songs,Favorite,INH100152390,7wrYBASu0OoxoDErd4Edxd,spotify:track:7wrYBASu0OoxoDErd4Edxd
Such Keh Raha Hai,KK,Rehnaa Hai Terre Dil Mein,Favorite Songs,Favorite,INH100152410,0ypgFw67lNEpoKFUxUV0tG,spotify:track:0ypgFw67lNEpoKFUxUV0tG
Dilko Tumse Pyar Hua,Roop Kumar Rathod,Rehnaa Hai Terre Dil Mein,Favorite Songs,Favorite,INH100152400,5ZkvDXwUVegIjYFnjQhwmr,spotify:track:5ZkvDXwUVegIjYFnjQhwmr
Shinzou Wo Sasageyo,Musicality,Remixes 17,Favorite Songs,Favorite,QM4DW1884719,5oPubbNL65jImloEXqze4J,spotify:track:5oPubbNL65jImloEXqze4J
Rock On!!,Farhan Akhtar,Rock On,Favorite Songs,Favorite,INS180908333,6fABlNfAOylt7ZxfX8K1XL,spotify:track:6fABlNfAOylt7ZxfX8K1XL
Drop It,Aero Chord,Rocket League x Monstercat Vol. 1,Favorite Songs,Favorite,CA6D21700145,5o4MRKC6Y8idOvgEvpsx5P,spotify:track:5o4MRKC6Y8idOvgEvpsx5P
Tum Ho,Mohit Chauhan,Rockstar,Favorite Songs,Favorite,INS181103509,7uNnlVit5qDvfOje0pqICF,spotify:track:7uNnlVit5qDvfOje0pqICF
Saadda Haq,Mohit Chauhan,Rockstar,Favorite Songs,Favorite,INS181103510,7k3jpyYPnVnbO0p7iejWxL,spotify:track:7k3jpyYPnVnbO0p7iejWxL
Phir Se Ud Chala,Mohit Chauhan,Rockstar,Favorite Songs,Favorite,INS181103498,1kcV2LJxt5v0s2cEGtEJ5i,spotify:track:1kcV2LJxt5v0s2cEGtEJ5i
Nadaan Parinde,A.R. Rahman,Rockstar,Favorite Songs,Favorite,INS181103508,6Z394Nd4gW6Ts9hmu3NUjx,spotify:track:6Z394Nd4gW6Ts9hmu3NUjx
Kun Faya Kun,A.R. Rahman,Rockstar,Favorite Songs,Favorite,INS181103501,7F8RNvTQlvbeBLeenycvN6,spotify:track:7F8RNvTQlvbeBLeenycvN6
Jo Bhi Main,Mohit Chauhan,Rockstar,Favorite Songs,Favorite,INS181103499,2MmAYegcUty1DmG0Gw7AMh,spotify:track:2MmAYegcUty1DmG0Gw7AMh
Alfazon Ki Tarah,Ankit Tiwari,Rocky Handsome,Favorite Songs,Favorite,INS181600300,3QLC8cl5cSwHCxGtK9r2k9,spotify:track:3QLC8cl5cSwHCxGtK9r2k9
Maine Dil Se Kaha,KK,Rog,Favorite Songs,Favorite,INH100401968,0dZjWF8uklfNUHiPS2vC6E,spotify:track:0dZjWF8uklfNUHiPS2vC6E
Yeh Haseen Vadiyan Yeh Khula Aasman,A.R. Rahman,Roja (Original Motion Picture Soundtrack),Favorite Songs,Favorite,INM129400226,6NmGIj2leVHRKkHEGyechJ,spotify:track:6NmGIj2leVHRKkHEGyechJ
"Roja - Version, 1",A.R. Rahman,Roja (Original Motion Picture Soundtrack),Favorite Songs,Favorite,INM129400225,4zS1GqwMvfSsA0g48qvxAq,spotify:track:4zS1GqwMvfSsA0g48qvxAq
Tu Hai Ki Nahi,Ankit Tiwari,Roy,Favorite Songs,Favorite,INS181427587,4brSaQIT3bnnE41D042fgL,spotify:track:4brSaQIT3bnnE41D042fgL
Sooraj Dooba Hain,Arijit Singh,Roy,Favorite Songs,Favorite,INS181427514,48pyUxg9RYuwie5M9R7qRn,spotify:track:48pyUxg9RYuwie5M9R7qRn
Saathiya,A.R. Rahman,Saathiya,Favorite Songs,Favorite,INY090200015,78KKYDENYsw6jYfuEZsqJl,spotify:track:78KKYDENYsw6jYfuEZsqJl
Aye Udi Udi Udi,A.R. Rahman,Saathiya,Favorite Songs,Favorite,INY090200017,6K0Ea7pq2trf6SwsfEKkOp,spotify:track:6K0Ea7pq2trf6SwsfEKkOp
O Humdum Suniyo Re,A.R. Rahman,Saathiya,Favorite Songs,Favorite,INY090200019,0KdDgQgvvh7tYM3jj3n78l,spotify:track:0KdDgQgvvh7tYM3jj3n78l
Jab Se Tere Naina,Monty Sharma,Saawariya (Original Motion Picture Soundtrack),Favorite Songs,Favorite,INS170709290,0gRNu9dVzi5aC87AI1empZ,spotify:track:0gRNu9dVzi5aC87AI1empZ
Sabse Pehle Hai Pyar - Lofi,Shiwani Kumbhare,Sabse Pehle Hai Pyar (Lofi),Favorite Songs,Favorite,UK6822214404,1k51yO0Piz6FJGVVCIp7wE,spotify:track:1k51yO0Piz6FJGVVCIp7wE
Salaam Namaste,Vishal-Shekhar,Salaam Namaste,Favorite Songs,Favorite,INY090500040,7fuze7SkVTRISfwqErqJCn,spotify:track:7fuze7SkVTRISfwqErqJCn
Same Beef,Bohemia,Same Beef,Favorite Songs,Favorite,INS921901780,65c6VCikt7f5sAS1heoYQC,spotify:track:65c6VCikt7f5sAS1heoYQC
Kya Tujhe Ab Ye Dil Bataye,Falak Shabbir,Sanam Re,Favorite Songs,Favorite,INS181600004,2bzgUZjCj2opToH4ilP7W0,spotify:track:2bzgUZjCj2opToH4ilP7W0
"Sanam Teri Kasam (From ""Sanam Teri Kasam"")",Ankit Tiwari,Sanam Teri Kasam (Original Motion Picture Soundtrack),Favorite Songs,Favorite,GBSGZ1500559,0ytlfwpllK3xn1SN0gNKuT,spotify:track:0ytlfwpllK3xn1SN0gNKuT
"Tera Chehra (From ""Sanam Teri Kasam"")",Arijit Singh,Sanam Teri Kasam (Original Motion Picture Soundtrack),Favorite Songs,Favorite,GBSGZ1500562,1xAJ4QDwQbBuaTxv9kBnrt,spotify:track:1xAJ4QDwQbBuaTxv9kBnrt
Sanam Teri Kasam,Ankit Tiwari,Sanam Teri Kasam (Original Motion Picture Soundtrack),Favorite Songs,Favorite,GBSGZ1500559,1PDREqVNvmphIoNac3Vz8c,spotify:track:1PDREqVNvmphIoNac3Vz8c
"Sapna Jahan (From ""Brothers"")",Ajay-Atul,"Sapna Jahan (From ""Brothers"")",Favorite Songs,Favorite,INS171501082,6uQkoo1UGWThtEpNEYc6Ga,spotify:track:6uQkoo1UGWThtEpNEYc6Ga
Sam Dam Dand Bhed,Kailash Kher,Sarkar,Favorite Songs,Favorite,INS180500297,5M2f7YbqT2m2uOlUJNkDIP,spotify:track:5M2f7YbqT2m2uOlUJNkDIP
Govinda Song,Amitabh Bachchan,Sarkar,Favorite Songs,Favorite,INS180500296,17nKwRSIrtwRseuNKTuH8D,spotify:track:17nKwRSIrtwRseuNKTuH8D
Satisfya,Imran Khan,Satisfya,Favorite Songs,Favorite,GBB291300001,6HGoVbCUr63SgU3TjxEVj6,spotify:track:6HGoVbCUr63SgU3TjxEVj6
Chiraiyya,Swanand Kirkire,Satyamev Jayate,Favorite Songs,Favorite,INS181201401,0hQNLwyf8qtVBXJiFeTkD8,spotify:track:0hQNLwyf8qtVBXJiFeTkD8
Varyavarti Gandh,Kunal Ganjawala,Savarkhed Ek Gaon (Original Motion Picture Soundtrack),Favorite Songs,Favorite,INV270700009,0ECK4SanSgpooIj7UloLeR,spotify:track:0ECK4SanSgpooIj7UloLeR
See You Again (feat. Charlie Puth),Wiz Khalifa,See You Again (feat. Charlie Puth),Favorite Songs,Favorite,USAT21703595,2JzZzZUQj3Qff7wapcbKjc,spotify:track:2JzZzZUQj3Qff7wapcbKjc
Bharat Mata Ki Jai,Vishal-Shekhar,Shanghai,Favorite Songs,Favorite,INS181201308,6lYGpT5o1kiiqLRTzVy9lm,spotify:track:6lYGpT5o1kiiqLRTzVy9lm
"Mehbooba Mehbooba - From ""Sholay""",R. D. Burman,Sholay Songs And Dialogues (Vol. 2/Original Motion Picture Soundtrack),Favorite Songs,Favorite,INP100300029,6966cgOPA1kF13BIoNXp24,spotify:track:6966cgOPA1kF13BIoNXp24
Ganpat,Mika Singh,Shootout At Lokhandwala,Favorite Songs,Favorite,INS180702499,5RH4M64x1jvPMWHN5S2LAz,spotify:track:5RH4M64x1jvPMWHN5S2LAz
Saibo,Sachin-Jigar,Shor in the City (Original Motion Picture Soundtrack),Favorite Songs,Favorite,INS171100070,6udC4b4jOSnHb9ItnXgKLR,spotify:track:6udC4b4jOSnHb9ItnXgKLR
Teri yaadein,Shrey Singhal,Shrey Singhal,Favorite Songs,Favorite,USQY51295075,4Jyyn1HWcOwBGhHjMOOcpe,spotify:track:4Jyyn1HWcOwBGhHjMOOcpe
Gulabi,Sachin-Jigar,Shuddh Desi Romance,Favorite Songs,Favorite,INY091300039,22kRCQPyNXWZSQEcDvCmGD,spotify:track:22kRCQPyNXWZSQEcDvCmGD
Bas Ek Kinng,Pritam,Singh Is Kinng (Original Motion Picture Soundtrack),Favorite Songs,Favorite,INT130800412,3C6drpmyDmHcf61iFN9H7g,spotify:track:3C6drpmyDmHcf61iFN9H7g
Skechers,DripReport,Skechers,Favorite Songs,Favorite,QZFYX2083092,4z2JaAVPemYJhFKm7e32RA,spotify:track:4z2JaAVPemYJhFKm7e32RA
Jai Ho,A.R. Rahman,Slumdog Millionaire - Music From The Motion Picture,Favorite Songs,Favorite,USUM70848372,4i3MgUew8ynhf49Qwr4IP4,spotify:track:4i3MgUew8ynhf49Qwr4IP4
Soch,Harrdy Sandhu,Soch,Favorite Songs,Favorite,INS181306376,5ACG6R1PbFnP7WHZNVDHAi,spotify:track:5ACG6R1PbFnP7WHZNVDHAi
Ek Mulaqat,Altamash Faridi,Sonali Cable (Original Motion Picture Soundtrack),Favorite Songs,Favorite,INZ031400154,4WhUbzFbmj9ugmFw7d0NMc,spotify:track:4WhUbzFbmj9ugmFw7d0NMc
Sexy And I Know It,LMFAO,Sorry For Party Rocking,Favorite Songs,Favorite,USUM71108090,70Vdd1gx5tn84jkAU31ASv,spotify:track:70Vdd1gx5tn84jkAU31ASv
Kaun Mera,Papon,Special 26,Favorite Songs,Favorite,INS181300030,4137w3YEeQSgz52qxyjxHR,spotify:track:4137w3YEeQSgz52qxyjxHR
Mujh Mein Tu,Keerthi Sagathia,Special 26,Favorite Songs,Favorite,INS181300029,4M36kNFgfTRfssVd7EsAmA,spotify:track:4M36kNFgfTRfssVd7EsAmA
Teri Baaton,Raghav,Storyteller,Favorite Songs,Favorite,TCACR1694486,7BgYR9r202eRYKMgCtebII,spotify:track:7BgYR9r202eRYKMgCtebII
Bulleya,Vishal-Shekhar,Sultan,Favorite Songs,Favorite,INY091600054,3tgdOveYac7YMEAQD9sGLf,spotify:track:3tgdOveYac7YMEAQD9sGLf
"Jaane Kya Dhoondta Hai - From ""Sur (The Melody Of Life)""",Lucky Ali,Sur (The Melody Of Life) [Original Motion Picture Soundtrack],Favorite Songs,Favorite,INUM70500305,4ukvrPZ9N6U9jnTxPfy32J,spotify:track:4ukvrPZ9N6U9jnTxPfy32J
"Aa Bhi Ja Aa Bhi Ja - From ""Sur (The Melody Of Life)""",Lucky Ali,Sur (The Melody Of Life) [Original Motion Picture Soundtrack],Favorite Songs,Favorite,INUM70500303,5XnzIsBtJYuJQPETO0cPeh,spotify:track:5XnzIsBtJYuJQPETO0cPeh
Yun Hi Chala Chal,Udit Narayan,Swades,Favorite Songs,Favorite,INS180461166,3GrTI5vAoDD3VE24VTBJAc,spotify:track:3GrTI5vAoDD3VE24VTBJAc
Yeh Tara Woh Tara,Udit Narayan,Swades,Favorite Songs,Favorite,INS180461164,2HEw0hwnqYCN1w8ANOQXCl,spotify:track:2HEw0hwnqYCN1w8ANOQXCl
Ramta Jogi,Sukhwinder Singh,Taal (Original Motion Picture Soundtrack),Favorite Songs,Favorite,INT109900006,2fsPrE2NYiHOHPMuWbjvTj,spotify:track:2fsPrE2NYiHOHPMuWbjvTj
Nahin Saamne Tu,Hariharan,Taal (Original Motion Picture Soundtrack),Favorite Songs,Favorite,INT109900003,2VbJADm28rn89sdn2QwzuZ,spotify:track:2VbJADm28rn89sdn2QwzuZ
Ishq Bina,Anuradha Sriram,Taal (Original Motion Picture Soundtrack),Favorite Songs,Favorite,INT109900001,4eSptlk4boHEHiFKHnsyoF,spotify:track:4eSptlk4boHEHiFKHnsyoF
Taal Se Taal,Alka Yagnik,Taal (Original Motion Picture Soundtrack),Favorite Songs,Favorite,INT109900002,1s2BVgfna5AW7LCw9rf02r,spotify:track:1s2BVgfna5AW7LCw9rf02r
Kahin Aag Lage Lag Jaaye,Asha Bhosle,Taal (Original Motion Picture Soundtrack),Favorite Songs,Favorite,INT109900004,5y0t6OQy8nVGoeIoNcQZ7g,spotify:track:5y0t6OQy8nVGoeIoNcQZ7g
Kholo Kholo,Raman Mahadevan,Taare Zameen Par,Favorite Songs,Favorite,INS180706619,1IfhPnZpm0IZOoAM1PDjtw,spotify:track:1IfhPnZpm0IZOoAM1PDjtw
Mann Mera,Gajendra Verma,Table No. 21 (Original Motion Picture Soundtrack),Favorite Songs,Favorite,GBSGZ1200069,3yV2c3cYhkAwSsxAq6nRiv,spotify:track:3yV2c3cYhkAwSsxAq6nRiv
"Taki Taki (with Selena Gomez, Ozuna & Cardi B)",DJ Snake,"Taki Taki (with Selena Gomez, Ozuna & Cardi B)",Favorite Songs,Favorite,USUG11801723,4w8niZpiMy6qz1mntFA5uM,spotify:track:4w8niZpiMy6qz1mntFA5uM
Jee Le Zaraa,Vishal Dadlani,Talaash,Favorite Songs,Favorite,INS181204499,2r32XiAWtZbT3eLUvf4pag,spotify:track:2r32XiAWtZbT3eLUvf4pag
Tanha Dil,Shaan,Tanha Dil...,Favorite Songs,Favorite,INV140000300,4kO9vFarqUPNwlgFnVNgVh,spotify:track:4kO9vFarqUPNwlgFnVNgVh
Tashan Mein,Vishal-Shekhar,Tashan,Favorite Songs,Favorite,INY090800009,25Is018fCwnTh4zlK5DrMJ,spotify:track:25Is018fCwnTh4zlK5DrMJ
Dil Haara,Vishal-Shekhar,Tashan,Favorite Songs,Favorite,INY090800001,5wIwMpBfTKoGmuOphrYrum,spotify:track:5wIwMpBfTKoGmuOphrYrum
Ek Nazar Mein Bhi,KK,Taxi No. 9211,Favorite Songs,Favorite,INH100600431,0mZojrLOYUFofE20NNjuVR,spotify:track:0mZojrLOYUFofE20NNjuVR
Tera Chehra,Adnan Sami,Tera Chehra,Favorite Songs,Favorite,INS180241112,14uXhHNINQqjl2hngD21s9,spotify:track:14uXhHNINQqjl2hngD21s9
Nain Se Naino Ko Mila,Adnan Sami,Tera Chehra,Favorite Songs,Favorite,INS180241119,5dU0yXUXYjP1e6e2s6OSh2,spotify:track:5dU0yXUXYjP1e6e2s6OSh2
Meri Yaad,Adnan Sami,Tera Chehra,Favorite Songs,Favorite,INS180241113,0dowKV8zeOJjbc7ikMskIR,spotify:track:0dowKV8zeOJjbc7ikMskIR
Kabhi Nahee,Adnan Sami,Tera Chehra,Favorite Songs,Favorite,INS180241111,3zeTPFtnlR72qRnBH3g2xd,spotify:track:3zeTPFtnlR72qRnBH3g2xd
Tere Bina (Chain Mujhe Ab Aaye Na),Adnan Sami,Tera Chehra,Favorite Songs,Favorite,INS180241114,2CPGQ7WaEkOICeEw0by4ZL,spotify:track:2CPGQ7WaEkOICeEw0by4ZL
Tera Ghata,Gajendra Verma,Tera Ghata,Favorite Songs,Favorite,INV421800029,0JBhoxPKHJc1ZeJrjSt0VO,spotify:track:0JBhoxPKHJc1ZeJrjSt0VO
Kabhi Yaadon Mein Aaun,Abhijeet,Tere Bina,Favorite Songs,Favorite,INS180351363,1VO2GtGchLJmnJFQZZlEux,spotify:track:1VO2GtGchLJmnJFQZZlEux
The Break Up Mashup,Nandini Srikar,The Break Up Mashup,Favorite Songs,Favorite,INS181401197,4PqjRiltcMpXoc7orVH5Dc,spotify:track:4PqjRiltcMpXoc7orVH5Dc
Teri Yaadon Mein,KK,The Killer,Favorite Songs,Favorite,INS180600780,4ZVfIGaZP93t0stmBj4FqA,spotify:track:4ZVfIGaZP93t0stmBj4FqA
Kehdoon Tumhen (Close To U),Vaishali Samant,The Return Of Daddy Mix,Favorite Songs,Favorite,INUM70500721,2up5kZEADyiPGQNDhgdDVl,spotify:track:2up5kZEADyiPGQNDhgdDVl
Mausam,Mithoon,The Train,Favorite Songs,Favorite,INS180702211,1SDzEed9leGGDVJIv2GPUE,spotify:track:1SDzEed9leGGDVJIv2GPUE
Tere Nainon Mein,The Bilz & Kashif,The Trinity,Favorite Songs,Favorite,TCABM1381768,3OhyYFXr9EDgQcOW1SqCKS,spotify:track:3OhyYFXr9EDgQcOW1SqCKS
Beat It,Michael Jackson,Thriller 25 Super Deluxe Edition,Favorite Songs,Favorite,USSM19902990,1OOtq8tRnDM8kG2gqUPjAj,spotify:track:1OOtq8tRnDM8kG2gqUPjAj
Jhoom Jhoom,Himesh Reshammiya,Tom Dick And Harry,Favorite Songs,Favorite,INS180600195,5WS98kb4hHIS6Bo3yG1IPR,spotify:track:5WS98kb4hHIS6Bo3yG1IPR
New Divide,Linkin Park,Transformers: Revenge Of The Fallen The Album,Favorite Songs,Favorite,USWB10901893,6Wx88Mv6b9ofjKMKkdwOJd,spotify:track:6Wx88Mv6b9ofjKMKkdwOJd
Ghetto,Akon,Trouble Deluxe Edition,Favorite Songs,Favorite,USUR10301224,0B7k1xHowuX1E59Ifapl4g,spotify:track:0B7k1xHowuX1E59Ifapl4g
Radha Hi Bawari,Swapnil Bandodkar,Tu Majha Kinara,Favorite Songs,Favorite,INS100500002,1Vf49njX5n3f50BHd7Xz56,spotify:track:1Vf49njX5n3f50BHd7Xz56
Teri Fariyad,Rekha Bhardwaj,Tum Bin 2,Favorite Songs,Favorite,INS181601795,369oZK7hzwq2wHzRWzs9xh,spotify:track:369oZK7hzwq2wHzRWzs9xh
Tu Hi Haqeeqat,Pritam,Tum Mile (Original Motion Picture Soundtrack),Favorite Songs,Favorite,INS170900406,3OLFqbd9ZeVjaUKTiaLsD6,spotify:track:3OLFqbd9ZeVjaUKTiaLsD6
Udd Gaye - Bacardi House Party Sessions,Ritviz,Udd Gaye (Bacardi House Party Sessions),Favorite Songs,Favorite,FRX201782605,6wZJsut8fjiWiMPaccRAOX,spotify:track:6wZJsut8fjiWiMPaccRAOX
Morya Morya,Ajay,Uladhaal (Original Motion Picture Soundtrack),Favorite Songs,Favorite,INV280800020,7M587gUiVreE896xpUzQjR,spotify:track:7M587gUiVreE896xpUzQjR
Gulabi Aankhen,Sanam,Universally SANAM,Favorite Songs,Favorite,INUM71900031,1ccZZf0IQi5y0bHMl2aGDF,spotify:track:1ccZZf0IQi5y0bHMl2aGDF
What Makes You Beautiful,One Direction,Up All Night,Favorite Songs,Favorite,GBHMU1100018,4cluDES4hQEUhmXj6TXkSo,spotify:track:4cluDES4hQEUhmXj6TXkSo
Tere Liye,Madan Mohan,Veer - Zaara,Favorite Songs,Favorite,INY090400015,3i11e2jzUtO3jChiFl3v9x,spotify:track:3i11e2jzUtO3jChiFl3v9x
"Gale Lag Ja Na Ja (From ""De Dana Dan"")",Javed Ali,Versatile Bollywood Actor - Akshay Kumar,Favorite Songs,Favorite,INV110900901,0ytIKDOtfWCwyM0ioixuaX,spotify:track:0ytIKDOtfWCwyM0ioixuaX
Le Le Mazaa Le,Suzanne,Wanted,Favorite Songs,Favorite,INS180902920,0V6i9XZ7NOfXQAygSaswnM,spotify:track:0V6i9XZ7NOfXQAygSaswnM
Wasseypur,Subodh Su2,Wasseypur,Favorite Songs,Favorite,AEA0D1974389,0DOFg0G0aukEFsGBPeKao7,spotify:track:0DOFg0G0aukEFsGBPeKao7
Tere Bin,Sonu Nigam,Wazir,Favorite Songs,Favorite,INS181502098,3F5PXirySr1SjFZWOcSUbS,spotify:track:3F5PXirySr1SjFZWOcSUbS
Kiya Kiya,Anand Raj Anand,Welcome (Original Motion Picture Soundtrack),Favorite Songs,Favorite,INT130700348,0YCPCY9WhQFMFtoSpj6dhL,spotify:track:0YCPCY9WhQFMFtoSpj6dhL
Why This Kolaveri Di? - The Soup of Love,Anirudh Ravichander,Why This Kolaveri Di? (The Soup of Love),Favorite Songs,Favorite,INS171101335,2VGs7EmaIxq96Wcog6DQOc,spotify:track:2VGs7EmaIxq96Wcog6DQOc
Blue Gangsta,Michael Jackson,XSCAPE,Favorite Songs,Favorite,USSM11401750,36lVpg8hgy37iZEazTOJBb,spotify:track:36lVpg8hgy37iZEazTOJBb
Xscape (Original Version),Michael Jackson,XSCAPE,Favorite Songs,Favorite,USSM11401759,48rgfUDLasxWtrbVbWAvqH,spotify:track:48rgfUDLasxWtrbVbWAvqH
A Place With No Name (Original Version),Michael Jackson,XSCAPE,Favorite Songs,Favorite,USSM11401755,4ou1FyPwLpzeOU3YjeQ4Mw,spotify:track:4ou1FyPwLpzeOU3YjeQ4Mw
Balam Pichkari,Pritam,Yeh Jawaani Hai Deewani,Favorite Songs,Favorite,INS181303493,18e3XXYCv4Tx8uUl1mP3CN,spotify:track:18e3XXYCv4Tx8uUl1mP3CN
Ilahi,Pritam,Yeh Jawaani Hai Deewani,Favorite Songs,Favorite,INS181303779,5cgKosPPj5Cs9a2JQufUc1,spotify:track:5cgKosPPj5Cs9a2JQufUc1
Yoriichi Theme,Samuel Kim,Yoriichi Theme,Favorite Songs,Favorite,QZFZ32266065,0LF8z56v8DrOY8FprsSuKL,spotify:track:0LF8z56v8DrOY8FprsSuKL
Yuh Toh Banjar,Tushar Khair,Yuh Toh Banjar,Favorite Songs,Favorite,INU251801268,1DS32FWs5fpiido3rEeGCK,spotify:track:1DS32FWs5fpiido3rEeGCK
Khuda Hafiz Anjaani Anjaana,Sunitha Sarathy,Yuva (Original Motion Picture Soundtrack),Favorite Songs,Favorite,INV110400079,1R1Ydsav3CXKHS14whfs49,spotify:track:1R1Ydsav3CXKHS14whfs49
Kabhi Neem Neem,Madhushree,Yuva (Original Motion Picture Soundtrack),Favorite Songs,Favorite,INV110400080,2saVO8vB4BX8kCHaZCuIIF,spotify:track:2saVO8vB4BX8kCHaZCuIIF
Woh Lamhe Woh Baatein,Atif Aslam,Zeher,Favorite Songs,Favorite,INH100502936,5fwRhPXAvGgzUxW62ZCvEg,spotify:track:5fwRhPXAvGgzUxW62ZCvEg
Mere Naam Tu,Abhay Jodhpurkar,Zero,Favorite Songs,Favorite,INS181802731,5fZ0oNVVUQe11KGpgcDCrY,spotify:track:5fZ0oNVVUQe11KGpgcDCrY
"Beete Lamhein (From ""The Train"")",KK,Zindagi Do Pal Ki - K.K. All Time Hits,Favorite Songs,Favorite,INS180702210,0dJacN6K3mSGLE9p7QE0lO,spotify:track:0dJacN6K3mSGLE9p7QE0lO
Ik Junoon (Paint It Red),Vishal Dadlani,Zindagi Na Milegi Dobara,Favorite Songs,Favorite,INS181101716,7e6qTHVfRdaYsio90s1fHC,spotify:track:7e6qTHVfRdaYsio90s1fHC
Dil Dhadakne Do,Joi Barua,Zindagi Na Milegi Dobara,Favorite Songs,Favorite,INS181101715,46elU7IBKWf55D5sjHGqO7,spotify:track:46elU7IBKWf55D5sjHGqO7
